ORO	2fqi	uracil	No	O=C(O)c1cc(=O)[nH]c(=O)[nH]1
URF	1h7x	uracil	No	O=c1[nH]cc(F)c(=O)[nH]1
3FI	3fci	uracil	No	Cc1cc(=O)[nH]c(=O)[nH]1
ORO	3c61	uracil	No	O=C(O)c1cc(=O)[nH]c(=O)[nH]1
WBU	1wbu	uracil	No	Nc1c[nH]c(=O)[nH]c1=O
IUR	2wk6	uracil	No	Cc1c[nH]c(=O)[nH]c1=O
FDA	2uxn	uracil	No	Cc1cc2c(cc1C)N(C)c1nc(=O)[nH]c(O)c1N2
ORO	3fj6	uracil	No	O=C(O)c1cc(=O)[nH]c(=O)[nH]1
IUR	1gth	uracil	No	Cc1c[nH]c(=O)[nH]c1=O
ORO	2e6a	uracil	No	O=C(O)c1cc(=O)[nH]c(=O)[nH]1
URA	1flz	uracil	No	O=c1cc[nH]c(=O)[nH]1
LMZ	1c41	uracil	No	CCNc1[nH]c(=O)[nH]c(=O)c1N=O
TS0	1w29	uracil	No	Cn1c(=O)n(C)c2c(=O)[nH]c(=O)[nH]c21
5YL	1nqw	uracil	No	CCNc1[nH]c(=O)[nH]c(=O)c1C
ORO	1uum	uracil	No	O=C(O)c1cc(=O)[nH]c(=O)[nH]1
XMP	3bvj	uracil	No	Cn1cnc2c(=O)[nH]c(O)nc21
URA	1gth	uracil	No	O=c1cc[nH]c(=O)[nH]1
XMP	1pkx	uracil	No	Cn1cnc2c(=O)[nH]c(=O)[nH]c21
TS1	1w29	uracil	No	Cn1c(=O)n(C)c2c(=O)[nH]c(=O)[nH]c21
URA	1oe5	uracil	No	O=c1cc[nH]c(=O)[nH]1
INI	1zis	uracil	No	CCNc1[nH]c(=O)[nH]c(=O)c1[N+](=O)[O-]
URA	2eug	uracil	No	O=c1cc[nH]c(=O)[nH]1
ORO	1lh0	uracil	No	O=C(O)c1cc(=O)[nH]c(=O)[nH]1
3FL	3fcl	uracil	No	Cc1cc(=O)[nH]c(=O)[nH]1
ORO	2bxv	uracil	No	O=C(O)c1cc(=O)[nH]c(=O)[nH]1
UNC	1wrr	uracil	No	Nc1c([N+](=O)[O-])[nH]c(=O)[nH]c1=O
FDA	2ard	uracil	No	Cc1cc2nc3c(=O)[nH]c(=O)nc-3n(C)c2cc1C
ORO	1jrc	uracil	No	O=C(O)c1cc(=O)[nH]c(=O)[nH]1
FCF	3fcf	uracil	No	CO/N=C/c1cc(=O)[nH]c(=O)[nH]1
XMP	1m9n	uracil	No	Cn1cnc2c(=O)[nH]c(=O)[nH]c21
ORO	2prl	uracil	No	O=C(O)c1cc(=O)[nH]c(=O)[nH]1
ORO	1opr	uracil	No	O=C(O)c1cc(=O)[nH]c(=O)[nH]1
URA	1q3f	uracil	No	O=c1cc[nH]c(=O)[nH]1
FOT	2e25	uracil	No	O=C(O)c1[nH]c(=O)[nH]c(=O)c1F
INI	2o6h	uracil	No	CCNc1[nH]c(=O)[nH]c(=O)c1[N+](=O)[O-]
T2P	1w19	uracil	No	Cn1c(=O)n(C)c2c(=O)[nH]c(=O)[nH]c21
T4P	1w19	uracil	No	Cn1c(=O)n(C)c2c(=O)[nH]c(=O)[nH]c21
ORO	3i65	uracil	No	O=C(O)c1cc(=O)[nH]c(=O)[nH]1
ORO	3i68	uracil	No	O=C(O)c1cc(=O)[nH]c(=O)[nH]1
302	2hxm	uracil	No	CO/N=C/c1cc(=O)[nH]c(=O)[nH]1
FNR	2zrv	uracil	No	Cc1cc2nc3c(=O)[nH]c(=O)nc-3n(C)c2cc1C
URA	1tgy	uracil	No	O=c1cc[nH]c(=O)[nH]1
FNR	2fz5	uracil	Yes	Cc1cc2nc3c(=O)[nH]c(=O)nc-3n(C)c2cc1C
JCL	2c97	uracil	No	Cc1c(Cl)[nH]c(=O)[nH]c1=O
FDA	3int	uracil	No	Cc1cc2nc3c(=O)[nH]c(=O)nc-3n(C)c2cc1C
FNR	2zrz	uracil	No	Cc1cc2nc3c(=O)[nH]c(=O)nc-3n(C)c2cc1C
XMP	2cu0	uracil	No	Cn1cnc2c(=O)[nH]c(=O)[nH]c21
ORO	2fpt	uracil	No	O=C(O)c1cc(=O)[nH]c(=O)[nH]1
XMP	1qk5	uracil	No	Cn1cnc2c(=O)[nH]c(=O)[nH]c21
ORO	1uuo	uracil	No	O=C(O)c1cc(=O)[nH]c(=O)[nH]1
MUA	1r4s	uracil	No	Cn1c(=O)[nH]c2c(=O)[nH]c(=O)[nH]c21
FNR	2isl	uracil	No	Cc1cc2nc3c(=O)[nH]c(=O)nc-3n(C)c2cc1C
FDA	1tvc	uracil	Yes	Cc1cc2nc3c(=O)[nH]c(=O)nc-3n(C)c2cc1C
HPT	1e2m	uracil	No	Cc1[nH]c(=O)[nH]c(=O)c1C
XMP	1mew	uracil	No	Cn1cnc2c(=O)[nH]c(=O)[nH]c21
CMU	1uou	uracil	No	Cc1[nH]c(=O)[nH]c(=O)c1Cl
ORO	3g0x	uracil	No	O=C(O)c1cc(=O)[nH]c(=O)[nH]1
ORO	2b0m	uracil	No	O=C(O)c1cc(=O)[nH]c(=O)[nH]1
XMP	1p4r	uracil	No	Cn1cnc2c(=O)[nH]c(=O)[nH]c21
URA	5eug	uracil	No	O=c1cc[nH]c(=O)[nH]1
ORO	3f1q	uracil	No	O=C(O)c1cc(=O)[nH]c(=O)[nH]1
URA	1ui0	uracil	No	O=c1cc[nH]c(=O)[nH]1
ORO	2prh	uracil	No	O=C(O)c1cc(=O)[nH]c(=O)[nH]1
XMP	1pl0	uracil	No	Cn1cnc2c(=O)[nH]c(=O)[nH]c21
T1P	1w19	uracil	No	Cn1c(=O)n(C)c2c(=O)[nH]c(=O)[nH]c21
ORO	1jqx	uracil	No	O=C(O)c1cc(=O)[nH]c(=O)[nH]1
LMZ	2a59	uracil	No	CCNc1[nH]c(=O)[nH]c(=O)c1N=O
LMZ	2a59	uracil	No	CCNC1=NC(=O)NC(=O)/C1=N/O
URA	1ucd	uracil	No	O=c1cc[nH]c(=O)[nH]1
FCK	3fck	uracil	No	CO/N=C/c1cc(=O)[nH]c(=O)[nH]1
ORO	2b4g	uracil	No	O=C(O)c1cc(=O)[nH]c(=O)[nH]1
FNR	2zry	uracil	No	Cc1cc2nc3c(=O)[nH]c(=O)nc-3n(C)c2cc1C
FNR	2isk	uracil	No	Cc1cc2nc3c(=O)[nH]c(=O)nc-3n(C)c2cc1C
ORO	1jqv	uracil	No	O=C(O)c1cc(=O)[nH]c(=O)[nH]1
CCV	1e2p	uracil	No	Cc1[nH]c(=O)[nH]c(=O)c1C
UAA	1gt8	uracil	No	Cc1cc(=O)[nH]c(=O)[nH]1
RDL	2b99	uracil	No	Cn1c(=O)c(=O)[nH]c2c(=O)[nH]c(=O)[nH]c21
URA	3bje	uracil	No	O=c1cc[nH]c(=O)[nH]1
LMZ	1nqv	uracil	No	CCNc1[nH]c(=O)[nH]c(=O)c1N=O
LMZ	1nqv	uracil	No	CCNC1=NC(=O)NC(=O)/C1=N/O
TSF	2c94	uracil	No	Cn1c(=O)n(C)c2c(=O)[nH]c(=O)[nH]c21
TP6	2c92	uracil	No	Cn1c(=O)n(C)c2c(=O)[nH]c(=O)[nH]c21
ORO	1ep2	uracil	No	O=C(O)c1cc(=O)[nH]c(=O)[nH]1
INI	2obx	uracil	No	CCNc1[nH]c(=O)[nH]c(=O)c1[N+](=O)[O-]
LUZ	3etr	uracil	No	O=c1[nH]c(=O)c2nccnc2[nH]1
ORO	2fpv	uracil	No	O=C(O)c1cc(=O)[nH]c(=O)[nH]1
RCA	1e2n	uracil	No	Cc1[nH]c(=O)[nH]c(=O)c1C
FDA	3ept	uracil	No	Cc1cc2nc3c(=O)[nH]c(=O)nc-3n(C)c2cc1C
INI	1rvv	uracil	No	CCNc1[nH]c(=O)[nH]c(=O)c1[N+](=O)[O-]
ORO	2prm	uracil	No	O=C(O)c1cc(=O)[nH]c(=O)[nH]1
URA	1brw	uracil	No	O=c1cc[nH]c(=O)[nH]1
PHR	2c9d	uracil	No	Cn1c(=O)n(C)c2c(=O)[nH]c(=O)[nH]c21
URA	1y1s	uracil	No	O=c1cc[nH]c(=O)[nH]1
XTS	2eg5	uracil	Yes	Cn1cnc2c(=O)[nH]c(=O)[nH]c21
ORO	1ovd	uracil	No	O=C(O)c1cc(=O)[nH]c(=O)[nH]1
F2N	2ejr	uracil	No	C/C=C/C(=O)N1c2cc(C)c(C)cc2N(C)c2nc(=O)[nH]c(O)c21
CRM	1kzl	uracil	No	Cc1nc2c(=O)[nH]c(=O)[nH]c2n(C)c1=O
ORO	3fjl	uracil	No	O=C(O)c1cc(=O)[nH]c(=O)[nH]1
URA	2rj3	uracil	No	O=c1cc[nH]c(=O)[nH]1
PUG	2c9b	uracil	No	Cn1c(=O)[nH]c2c(=O)[nH]c(=O)[nH]c21
TDR	2hn9	uracil	No	Cc1c[nH]c(=O)[nH]c1=O
LUM	1s4m	uracil	No	Cc1cc2nc3[nH]c(=O)[nH]c(=O)c3nc2cc1C
FDA	1fnc	uracil	No	Cc1cc2nc3c(=O)[nH]c(=O)nc-3n(C)c2cc1C
T5P	1w19	uracil	No	Cn1c(=O)n(C)c2c(=O)[nH]c(=O)[nH]c21
ORO	1d3h	uracil	No	O=C(O)c1cc(=O)[nH]c(=O)[nH]1
INI	2f59	uracil	No	CCNc1[nH]c(=O)[nH]c(=O)c1[N+](=O)[O-]
XMP	2vxo	uracil	No	Cn1cnc2c(=O)[nH]c(=O)[nH]c21
ORO	1jrb	uracil	No	O=C(O)c1cc(=O)[nH]c(=O)[nH]1
ORO	2fpy	uracil	No	O=C(O)c1cc(=O)[nH]c(=O)[nH]1
URF	1upf	uracil	No	O=c1[nH]cc(F)c(=O)[nH]1
RDL	1nqu	uracil	No	Cn1c(=O)c(=O)[nH]c2c(=O)[nH]c(=O)[nH]c21
TDR	2j0f	uracil	No	Cc1c[nH]c(=O)[nH]c1=O
ORO	1tv5	uracil	No	O=C(O)c1cc(=O)[nH]c(=O)[nH]1
INI	1kyy	uracil	No	CCNc1[nH]c(=O)[nH]c(=O)c1[N+](=O)[O-]
LMZ	1c2y	uracil	No	CCNc1[nH]c(=O)[nH]c(=O)c1N=O
LMZ	1c2y	uracil	No	CCNC1=NC(=O)NC(=O)/C1=N/O
IUR	1gte	uracil	No	Cc1c[nH]c(=O)[nH]c1=O
INI	1t13	uracil	No	CCNc1[nH]c(=O)[nH]c(=O)c1[N+](=O)[O-]
ORO	1d3g	uracil	No	O=C(O)c1cc(=O)[nH]c(=O)[nH]1
XMP	1mei	uracil	No	Cn1cnc2c(=O)[nH]c(=O)[nH]c21
ORO	3g0u	uracil	No	O=C(O)c1cc(=O)[nH]c(=O)[nH]1
CRM	1kyx	uracil	No	Cc1nc2c(=O)[nH]c(=O)[nH]c2n(C)c1=O
ORO	2ps1	uracil	No	O=C(O)c1cc(=O)[nH]c(=O)[nH]1
URA	1udh	uracil	No	O=c1cc[nH]c(=O)[nH]1
F2N	2z3y	uracil	No	C/C=C/C(=O)N1c2cc(C)c(C)cc2N(C)c2nc(=O)[nH]c(O)c21
XMP	3bpw	uracil	No	Cn1cnc2c(=O)[nH]c(O)nc21
XMP	3bpw	uracil	No	Cn1cnc2c(=O)[nH]c(=O)[nH]c21
ORO	3i6r	uracil	No	O=C(O)c1cc(=O)[nH]c(=O)[nH]1
ORO	2dor	uracil	No	O=C(O)c1cc(=O)[nH]c(=O)[nH]1
GDP	1dpf	isocytosine	No	Cn1cnc2c(=O)[nH]c(N)nc21
GDP	2gtp	isocytosine	No	Cn1cnc2c(=O)[nH]c(N)nc21
GSP	2hf9	isocytosine	No	Cn1cnc2c(=O)[nH]c(N)nc21
GDP	2ode	isocytosine	No	Cn1cnc2c(=O)[nH]c(N)nc21
C2E	3gfx	isocytosine	No	Cn1cnc2c(=O)[nH]c(N)nc21
GNP	1kmq	isocytosine	No	Cn1cnc2c(=O)[nH]c(N)nc21
FON	1xzq	isocytosine	No	CC1CNC2N=C(N)NC(=O)C2N1C
GDP	1oix	isocytosine	No	Cn1cnc2c(=O)[nH]c(N)nc21
GDP	2bm0	isocytosine	No	Cn1cnc2c(=O)[nH]c(N)nc21
HBI	1dr4	isocytosine	No	Cc1cnc2nc(N)[nH]c(=O)c2n1
MPU	2nm3	isocytosine	No	Cc1cnc2nc(N)[nH]c(=O)c2n1
MGD	2nya	isocytosine	No	Cn1cnc2c(=O)[nH]c(N)nc21
MGD	2nya	isocytosine	No	CC1OC2Nc3nc(N)[nH]c(=O)c3NC2C(=S)C1=S
5GP	1hmp	isocytosine	No	Cn1cnc2c(=O)[nH]c(N)nc21
GDP	1cg1	isocytosine	No	Cn1cnc2c(=O)[nH]c(N)nc21
2GP	1bvi	isocytosine	No	Cn1cnc2c(=O)[nH]c(N)nc21
G5P	2f3r	isocytosine	No	Cn1cnc2c(=O)[nH]c(N)nc21
NEU	2nm2	isocytosine	No	Cc1cnc2[nH]c(N)nc(=O)c2n1
NEU	2nm2	isocytosine	No	Cc1cnc2nc(N)[nH]c(=O)c2n1
5GP	1j1f	isocytosine	No	Cn1cnc2c(=O)[nH]c(N)nc21
MTE	2a9c	isocytosine	No	CC1OC2Nc3nc(N)[nH]c(=O)c3NC2C(S)=C1S
GDP	1skq	isocytosine	No	Cn1cnc2c(=O)[nH]c(N)nc21
GDP	1skq	isocytosine	No	CN1CNc2c1nc(N)[nH]c2=O
GTP	2w2v	isocytosine	No	Cn1cnc2c(=O)[nH]c(N)nc21
GDP	3hke	isocytosine	No	Cn1cnc2c(=O)[nH]c(N)nc21
M7G	1jtf	isocytosine	No	Cn1cnc2c(=O)[nH]c(N)nc21
GDP	1k5g	isocytosine	No	Cn1cnc2c(=O)[nH]c(N)nc21
GNP	3cnl	isocytosine	No	Cn1cnc2c(=O)[nH]c(N)nc21
GDP	2phn	isocytosine	No	Cn1cnc2c(=O)[nH]c(N)nc21
GDP	2a9k	isocytosine	No	Cn1cnc2c(=O)[nH]c(N)nc21
GDP	3gj4	isocytosine	No	Cn1cnc2c(=O)[nH]c(N)nc21
2MD	1tmo	isocytosine	No	Cn1cnc2c(=O)[nH]c(N)nc21
2MD	1tmo	isocytosine	No	CC1OC2Nc3nc(N)[nH]c(=O)c3NC2C(=S)C1=S
2MD	1tmo	isocytosine	No	CC1OC2Nc3nc(N)[nH]c(=O)c3NC2C(S)C1S
PCG	2gx5	isocytosine	No	Cn1cnc2c(=O)[nH]c(N)nc21
DQB	1zly	isocytosine	No	Cc1ccc2nc(N)[nH]c(=O)c2c1
PGD	1e5v	isocytosine	No	Cn1cnc2c(=O)[nH]c(N)nc21
PGD	1e5v	isocytosine	No	CC1OC2Nc3nc(N)[nH]c(=O)c3NC2C(=S)C1=S
PGD	1e5v	isocytosine	No	CC1OC2Nc3nc(N)[nH]c(=O)c3NC2C(S)=C1S
MGD	2jiq	isocytosine	No	Cn1cnc2c(=O)[nH]c(N)nc21
MGD	2jiq	isocytosine	No	CC1OC2Nc3nc(N)[nH]c(=O)c3NC2C(=S)C1=S
MGD	2jiq	isocytosine	No	Cn1cnc2c(=O)nc(N)[nH]c21
GNP	1rrp	isocytosine	No	Cn1cnc2c(=O)[nH]c(N)nc21
GTP	2v4y	isocytosine	No	Cn1cnc2c(=O)[nH]c(N)nc21
GDP	1e0s	isocytosine	No	Cn1cnc2c(=O)[nH]c(N)nc21
AC2	1pwy	isocytosine	No	Cn1cnc2c(=O)[nH]c(N)nc21
GNP	1iaq	isocytosine	No	Cn1cnc2c(=O)[nH]c(N)nc21
GDP	2r6r	isocytosine	No	Cn1cnc2c(=O)[nH]c(N)nc21
GUN	1it7	isocytosine	No	Nc1nc(=O)c2nc[nH]c2[nH]1
GMP	1waf	isocytosine	No	Cn1cnc2c(=O)[nH]c(N)nc21
GDP	3cx7	isocytosine	No	Cn1cnc2c(=O)[nH]c(N)nc21
GTP	2h57	isocytosine	No	Cn1cnc2c(=O)[nH]c(N)nc21
MGD	1g8j	isocytosine	No	Cn1cnc2c(=O)[nH]c(N)nc21
MGD	1g8j	isocytosine	No	CC1OC2Nc3nc(N)[nH]c(=O)c3NC2C(=S)C1=S
MGD	2v3v	isocytosine	No	Cn1cnc2c(=O)[nH]c(N)nc21
MGD	2v3v	isocytosine	No	CC1OC2Nc3nc(N)[nH]c(=O)c3NC2C(=S)C1=S
MGD	2v3v	isocytosine	No	Cn1cnc2c(=O)nc(N)[nH]c21
GUN	1d6a	isocytosine	Yes	Nc1nc(=O)c2nc[nH]c2[nH]1
ONM	1tl7	isocytosine	No	Cn1cnc2c(=O)[nH]c(N)nc21
2GP	2bir	isocytosine	No	Cn1cnc2c(=O)[nH]c(N)nc21
GDD	2pk3	isocytosine	No	Cn1cnc2c(=O)nc(N)[nH]c21
DDF	1rx4	isocytosine	No	CC1CNc2nc(N)[nH]c(=O)c2C1
2GP	1i3i	isocytosine	No	Cn1cnc2c(=O)[nH]c(N)nc21
GDP	2hlb	isocytosine	No	Cn1cnc2c(=O)nc(N)[nH]c21
G2P	1w58	isocytosine	No	Cn1cnc2c(=O)[nH]c(N)nc21
IMU	1dqn	isocytosine	No	Cc1c[nH]c2c(=O)[nH]c(N)nc12
2GP	2hoh	isocytosine	No	Cn1cnc2c(=O)[nH]c(N)nc21
GSP	2gcp	isocytosine	No	Cn1cnc2c(=O)[nH]c(N)nc21
GNP	2gco	isocytosine	No	Cn1cnc2c(=O)[nH]c(N)nc21
MGD	2e7z	isocytosine	No	Cn1cnc2c(=O)[nH]c(N)nc21
MGD	2e7z	isocytosine	No	CC1OC2Nc3nc(N)[nH]c(=O)c3NC2C(=S)C1=S
MGD	2e7z	isocytosine	No	Cn1cnc2c(=O)nc(N)[nH]c21
GDP	1n7h	isocytosine	No	Cn1cnc2c(=O)nc(N)[nH]c21
GDP	1fqk	isocytosine	No	Cn1cnc2c(=O)[nH]c(N)nc21
GDP	1fqk	isocytosine	No	Cn1cnc2c(=O)nc(N)[nH]c21
MD1	1q16	isocytosine	No	CC1CNc2nc(N)[nH]c(=O)c2N1
MD1	1q16	isocytosine	No	Cn1cnc2c(=O)[nH]c(N)nc21
MD1	1q16	isocytosine	No	CC1OC2Nc3nc(N)[nH]c(=O)c3NC2C(=S)C1=S
MTE	1fiq	isocytosine	No	CC1OC2Nc3nc(N)[nH]c(=O)c3NC2C(=S)C1=S
GDP	1tvk	isocytosine	Yes	Cn1cnc2c(=O)[nH]c(N)nc21
DGT	3irh	isocytosine	No	Cn1cnc2c(=O)[nH]c(N)nc21
GTP	2wkr	isocytosine	No	Cn1cnc2c(=O)[nH]c(N)nc21
GDP	1fsz	isocytosine	No	Cn1cnc2c(=O)[nH]c(N)nc21
DGT	2vp2	isocytosine	No	Cn1cnc2c(=O)[nH]c(N)nc21
DGT	2vp2	isocytosine	No	Cn1cnc2c(=O)nc(N)[nH]c21
DGI	1s59	isocytosine	No	Cn1cnc2c(=O)[nH]c(N)nc21
KT5	1rc0	isocytosine	No	Cc1c(N)nc(N)[nH]c1=O
GDP	2nzj	isocytosine	No	Cn1cnc2c(=O)[nH]c(N)nc21
GNP	2ic5	isocytosine	No	Cn1cnc2c(=O)[nH]c(N)nc21
NEO	1br5	isocytosine	Yes	Cc1cnc2[nH]c(N)nc(=O)c2n1
GMP	2fqx	isocytosine	No	Cn1cnc2c(=O)[nH]c(N)nc21
GTP	2a5g	isocytosine	No	Cn1cnc2c(=O)[nH]c(N)nc21
LGP	2f3t	isocytosine	No	Cn1cnc2c(=O)[nH]c(N)nc21
GDP	2bov	isocytosine	No	Cn1cnc2c(=O)[nH]c(N)nc21
M7G	2idv	isocytosine	No	Cn1c[n+](C)c2nc(N)[nH]c(=O)c21
GDP	2rhd	isocytosine	No	Cn1cnc2c(=O)[nH]c(N)nc21
GTP	1nvx	isocytosine	No	Cn1cnc2c(=O)[nH]c(N)nc21
GDP	1z2a	isocytosine	No	Cn1cnc2c(=O)[nH]c(N)nc21
GUN	1a95	isocytosine	No	Nc1nc2nc[nH]c2c(=O)[nH]1
DGP	1tlc	isocytosine	No	Cn1cnc2c(=O)[nH]c(N)nc21
GUN	1wet	isocytosine	No	Nc1nc(=O)c2nc[nH]c2[nH]1
GTP	1z5w	isocytosine	No	Cn1cnc2c(=O)[nH]c(N)nc21
GNP	1p2u	isocytosine	No	Cn1cnc2c(=O)[nH]c(N)nc21
FON	2bln	isocytosine	No	CC1CNc2nc(N)[nH]c(=O)c2N1C=O
C2F	1q8j	isocytosine	No	CC1CNc2nc(N)[nH]c(=O)c2N1C
GDP	1zd9	isocytosine	No	Cn1cnc2c(=O)[nH]c(N)nc21
AZG	1v41	isocytosine	No	Nc1nc(=O)c2nn[nH]c2[nH]1
GDP	1s9d	isocytosine	No	Cn1cnc2c(=O)[nH]c(N)nc21
GDP	3con	isocytosine	No	Cn1cnc2c(=O)[nH]c(N)nc21
PMM	2veg	isocytosine	No	Cc1cnc2nc(N)[nH]c(=O)c2n1
MOG	1il9	isocytosine	No	Cc1nc2c(=O)[nH]c(N)nc2o1
GDP	3cno	isocytosine	No	Cn1cnc2c(=O)[nH]c(N)nc21
GUN	2jha	isocytosine	No	Nc1nc(=O)c2[nH]cnc2[nH]1
GUN	2jha	isocytosine	No	Nc1nc(=O)c2nc[nH]c2[nH]1
GDP	3dco	isocytosine	No	Cn1cnc2c(=O)[nH]c(N)nc21
GDP	1tx4	isocytosine	No	Cn1cnc2c(=O)[nH]c(N)nc21
MTE	1vdv	isocytosine	No	CC1OC2Nc3nc(N)[nH]c(=O)c3NC2C(=S)C1=S
GDP	2qn6	isocytosine	No	Cn1cnc2c(=O)[nH]c(N)nc21
GDP	2fe4	isocytosine	No	Cn1cnc2c(=O)[nH]c(N)nc21
GDP	2quz	isocytosine	No	Cn1cnc2c(=O)[nH]c(N)nc21
PH2	1nbu	isocytosine	No	Cc1cnc2nc(N)[nH]c(=O)c2n1
GNP	1tq6	isocytosine	No	Cn1cnc2c(=O)[nH]c(N)nc21
5GP	1qk3	isocytosine	No	Cn1cnc2c(=O)[nH]c(N)nc21
GDP	1u8z	isocytosine	No	Cn1cnc2c(=O)[nH]c(N)nc21
CGR	2o3t	isocytosine	No	C[n+]1cn(C)c(c12)nc(=N)[nH]c2O
GTP	2wkp	isocytosine	No	Cn1cnc2c(=O)[nH]c(N)nc21
GNP	621p	isocytosine	No	Cn1cnc2c(=O)[nH]c(N)nc21
GDP	1i4d	isocytosine	No	Cn1cnc2c(=O)[nH]c(N)nc21
GTP	1frw	isocytosine	No	Cn1cnc2c(=O)[nH]c(N)nc21
GDP	1a2k	isocytosine	No	Cn1cnc2c(=O)[nH]c(N)nc21
GDP	2wbe	isocytosine	No	Cn1cnc2c(=O)[nH]c(N)nc21
GDP	2a78	isocytosine	No	Cn1cnc2c(=O)[nH]c(N)nc21
GNP	1z06	isocytosine	No	Cn1cnc2c(=O)[nH]c(N)nc21
FOL	1ra8	isocytosine	No	Cc1cnc2nc(N)[nH]c(=O)c2n1
AIQ	1q63	isocytosine	Yes	Cc1cc(N)cc2c(=O)nc(N)[nH]c12
GCP	2rmk	isocytosine	No	Cn1cnc2c(=O)nc(N)[nH]c21
GTG	1n52	isocytosine	No	Cn1c[n+](C)c2nc(N)[nH]c(=O)c21
GTG	1n52	isocytosine	No	Cn1cnc2c(=O)nc(N)[nH]c21
KT3	1rc1	isocytosine	No	Cc1c(N)nc(N)[nH]c1=O
GDP	1siw	isocytosine	No	Cn1cnc2c(=O)[nH]c(N)nc21
138	1jkx	isocytosine	No	Cc1ccc2nc(N)[nH]c(=O)c2c1
354	1p4r	isocytosine	No	CNC(=O)c1ccc(NS(=O)(=O)c2ccc3nc(N)[nH]c(=O)c3c2)cc1
GDP	2gao	isocytosine	No	Cn1cnc2c(=O)[nH]c(N)nc21
PRF	2z1x	isocytosine	No	Cc1c[nH]c2[nH]c(N)nc(=O)c12
G7M	1xmm	isocytosine	No	Cn1c[n+](C)c2nc(N)[nH]c(=O)c21
2GP	3dgy	isocytosine	No	Cn1cnc2c(=O)[nH]c(N)nc21
GNP	2rge	isocytosine	No	Cn1cnc2c(=O)[nH]c(N)nc21
GNP	3bb4	isocytosine	No	Cn1cnc2c(=O)[nH]c(N)nc21
HH2	1rb0	isocytosine	No	Cc1cnc2nc(N)[nH]c(=O)c2n1
AGN	1gnp	isocytosine	No	Cn1cnc2c(=O)[nH]c(N)nc21
GDP	2gcn	isocytosine	No	Cn1cnc2c(=O)[nH]c(N)nc21
GDP	1xje	isocytosine	No	Cn1cnc2c(=O)[nH]c(N)nc21
CAG	1gnr	isocytosine	No	Cn1cnc2c(=O)[nH]c(N)nc21
C2F	1tsn	isocytosine	No	CC1CNc2nc(N)[nH]c(=O)c2N1C
GTP	1c4k	isocytosine	No	Cn1cnc2c(=O)[nH]c(N)nc21
GDP	1dg1	isocytosine	No	Cn1cnc2c(=O)[nH]c(N)nc21
GNP	1eft	isocytosine	No	Cn1cnc2c(=O)[nH]c(N)nc21
GDP	2pz2	isocytosine	No	Cn1cnc2c(=O)[nH]c(N)nc21
M7G	1ej1	isocytosine	No	Cn1c[n+](C)c2nc(N)[nH]c(=O)c21
MGD	2jim	isocytosine	No	Cn1cnc2c(=O)[nH]c(N)nc21
MGD	2jim	isocytosine	No	CC1OC2Nc3nc(N)[nH]c(=O)c3NC2C(=S)C1=S
MGD	2jim	isocytosine	No	Cn1cnc2c(=O)nc(N)[nH]c21
H2B	1tg2	isocytosine	No	Cc1cnc2nc(N)[nH]c(=O)c2n1
GTP	3dt4	isocytosine	No	Cn1cnc2c(=O)[nH]c(N)nc21
GTP	2hxh	isocytosine	No	Cn1cnc2c(=O)[nH]c(N)nc21
GDP	2ery	isocytosine	No	Cn1cnc2c(=O)[nH]c(N)nc21
GDP	2ywh	isocytosine	No	Cn1cnc2c(=O)[nH]c(N)nc21
GTP	2dy1	isocytosine	No	Cn1cnc2c(=O)[nH]c(N)nc21
DGP	1del	isocytosine	No	Cn1cnc2c(=O)[nH]c(N)nc21
FOL	1rx2	isocytosine	No	Cc1cnc2nc(N)[nH]c(=O)c2n1
TMF	1jbw	isocytosine	No	CN1CC2CNc3nc(N)[nH]c(=O)c3N2C1
GDP	2fn4	isocytosine	No	Cn1cnc2c(=O)[nH]c(N)nc21
GTP	1wa5	isocytosine	No	Cn1cnc2c(=O)[nH]c(N)nc21
THH	3dcj	isocytosine	No	CC1CNc2nc(N)[nH]c(=O)c2N1C
GTP	1c1y	isocytosine	No	Cn1cnc2c(=O)[nH]c(N)nc21
MGT	1av6	isocytosine	No	Cn1c[n+](C)c2nc(N)[nH]c(=O)c21
DQU	1r5y	isocytosine	No	Nc1ccc2[nH]c(N)nc(=O)c2c1
GTP	1w5e	isocytosine	No	Cn1cnc2c(=O)[nH]c(N)nc21
GTP	1w5e	isocytosine	No	Cn1cnc2c(=O)nc(N)[nH]c21
GDP	2k5u	isocytosine	No	Cn1cnc2c(=O)[nH]c(N)nc21
GDP	1ky3	isocytosine	No	Cn1cnc2c(=O)[nH]c(N)nc21
SGP	1gsp	isocytosine	No	Cn1cnc2c(=O)[nH]c(N)nc21
GDP	1z0d	isocytosine	No	Cn1cnc2c(=O)[nH]c(N)nc21
SGP	7gsp	isocytosine	No	Cn1cnc2c(=O)[nH]c(N)nc21
GDP	1znz	isocytosine	No	Cn1cnc2c(=O)[nH]c(N)nc21
NEU	2o90	isocytosine	No	Cc1cnc2nc(N)[nH]c(=O)c2n1
35G	3dba	isocytosine	No	Cn1cnc2c(=O)[nH]c(N)nc21
35G	3dba	isocytosine	No	Cn1cnc2c(=O)nc(N)[nH]c21
3GP	2sar	isocytosine	No	Cn1cnc2c(=O)[nH]c(N)nc21
GDP	3gj6	isocytosine	No	Cn1cnc2c(=O)[nH]c(N)nc21
CF2	2vkf	isocytosine	No	Cn1cnc2c(=O)nc(N)[nH]c21
GNP	1gua	isocytosine	No	Cn1cnc2c(=O)[nH]c(N)nc21
35G	2k31	isocytosine	No	Cn1cnc2c(=O)[nH]c(N)nc21
8OG	3a6t	isocytosine	No	Cn1c(=O)[nH]c2c(=O)[nH]c(N)nc21
GDP	1jny	isocytosine	No	Cn1cnc2c(=O)[nH]c(N)nc21
GTP	1ffx	isocytosine	No	Cn1cnc2c(=O)[nH]c(N)nc21
DDF	1rx6	isocytosine	No	CC1CNc2nc(N)[nH]c(=O)c2C1
GTP	3etg	isocytosine	No	Cn1cnc2c(=O)[nH]c(N)nc21
GNP	2wji	isocytosine	No	Cn1cnc2c(=O)[nH]c(N)nc21
NHS	1c2t	isocytosine	No	Cc1ccc2nc(N)[nH]c(=O)c2c1
2GP	1i2f	isocytosine	No	Cn1cnc2c(=O)[nH]c(N)nc21
GNP	3iev	isocytosine	No	Cn1cnc2c(=O)[nH]c(N)nc21
GDP	1cg4	isocytosine	No	Cn1cnc2c(=O)[nH]c(N)nc21
GTP	1nvu	isocytosine	No	Cn1cnc2c(=O)[nH]c(N)nc21
GDP	2iyl	isocytosine	No	Cn1cnc2c(=O)[nH]c(N)nc21
GDP	2g3y	isocytosine	No	Cn1cnc2c(=O)[nH]c(N)nc21
GTP	1a9c	isocytosine	No	Cn1cnc2c(=O)[nH]c(N)nc21
CB3	2tsc	isocytosine	No	Cc1ccc2nc(N)[nH]c(=O)c2c1
DDF	1rc4	isocytosine	No	CC1CNc2nc(N)[nH]c(=O)c2C1
GDP	2fa9	isocytosine	No	Cn1cnc2c(=O)[nH]c(N)nc21
PRF	2nqz	isocytosine	No	Cc1c[nH]c2nc(N)[nH]c(=O)c12
GNP	1zc4	isocytosine	No	Cn1cnc2c(=O)[nH]c(N)nc21
FOL	1rd7	isocytosine	No	Cc1cnc2nc(N)[nH]c(=O)c2n1
GDP	3dz8	isocytosine	No	Cn1cnc2c(=O)[nH]c(N)nc21
GTP	1yhn	isocytosine	No	Cn1cnc2c(=O)[nH]c(N)nc21
5GP	1hgx	isocytosine	No	Cn1cnc2c(=O)[nH]c(N)nc21
APQ	1k4h	isocytosine	No	Cc1cc(N)cc2c(=O)[nH]c(N)nc12
2GP	5bir	isocytosine	No	Cn1cnc2c(=O)[nH]c(N)nc21
DHF	3dl6	isocytosine	No	Cc1cnc2nc(N)[nH]c(=O)c2n1
GNP	1yzq	isocytosine	No	Cn1cnc2c(=O)[nH]c(N)nc21
GCP	1rj9	isocytosine	No	Cn1cnc2c(=O)[nH]c(N)nc21
GDP	2h18	isocytosine	No	Cn1cnc2c(=O)[nH]c(N)nc21
GDP	1qf5	isocytosine	No	Cn1cnc2c(=O)[nH]c(N)nc21
GNP	3gft	isocytosine	No	Cn1cnc2c(=O)[nH]c(N)nc21
PGP	5rnt	isocytosine	No	Cn1cnc2c(=O)nc(N)[nH]c21
GDP	3gj8	isocytosine	No	Cn1cnc2c(=O)[nH]c(N)nc21
5GP	1pzm	isocytosine	Yes	Cn1cnc2c(=O)[nH]c(N)nc21
5GP	1pzm	isocytosine	Yes	CN1CNc2c1nc(N)[nH]c2=O
GDR	1n7g	isocytosine	No	Cn1cnc2c(=O)nc(N)[nH]c21
G3D	1zj6	isocytosine	No	Cn1cnc2c(=O)[nH]c(N)nc21
GNP	1nvv	isocytosine	No	Cn1cnc2c(=O)[nH]c(N)nc21
C2E	1w25	isocytosine	No	Cn1cnc2c(=O)[nH]c(N)nc21
C2E	1w25	isocytosine	No	Cn1cnc2c(=O)nc(N)[nH]c21
GDP	1sa0	isocytosine	No	Cn1cnc2c(=O)[nH]c(N)nc21
GDP	2o52	isocytosine	No	Cn1cnc2c(=O)[nH]c(N)nc21
GDP	2zjz	isocytosine	No	Cn1cnc2c(=O)[nH]c(N)nc21
GDP	2zjz	isocytosine	No	Cn1cnc2c(=O)nc(N)[nH]c21
5GP	1iyb	isocytosine	No	Cn1cnc2c(=O)[nH]c(N)nc21
GTP	2cl7	isocytosine	No	Cn1cnc2c(=O)[nH]c(N)nc21
GDP	3dm5	isocytosine	No	Cn1cnc2c(=O)[nH]c(N)nc21
GDP	1d2e	isocytosine	No	Cn1cnc2c(=O)[nH]c(N)nc21
GTP	1ckm	isocytosine	No	Cn1cnc2c(=O)[nH]c(N)nc21
GTP	1ckm	isocytosine	No	Cn1cnc2c(=O)nc(N)[nH]c21
GTP	3etd	isocytosine	No	Cn1cnc2c(=O)[nH]c(N)nc21
GTP	3etd	isocytosine	No	Cn1cnc2c(=O)nc(N)[nH]c21
PCG	1mc0	isocytosine	No	Cn1cnc2c(=O)[nH]c(N)nc21
GDP	2c2h	isocytosine	No	Cn1cnc2c(=O)[nH]c(N)nc21
GDP	2c2h	isocytosine	No	Cn1cnc2c(=O)nc(N)[nH]c21
2GP	3hoh	isocytosine	No	Cn1cnc2c(=O)[nH]c(N)nc21
MD1	1y5n	isocytosine	No	CC1CNc2nc(N)[nH]c(=O)c2N1
MD1	1y5n	isocytosine	No	Cn1cnc2c(=O)[nH]c(N)nc21
MD1	1y5n	isocytosine	No	CC1OC2Nc3nc(N)[nH]c(=O)c3NC2C(=S)C1=S
IMG	1dqp	isocytosine	Yes	Nc1nc2cc[nH]c2c(=O)[nH]1
GTP	2fp4	isocytosine	No	Cn1cnc2c(=O)[nH]c(N)nc21
GTP	2fp4	isocytosine	No	Cn1cnc2c(=O)nc(N)[nH]c21
GNP	1yzl	isocytosine	No	Cn1cnc2c(=O)[nH]c(N)nc21
GDP	3c5c	isocytosine	No	Cn1cnc2c(=O)[nH]c(N)nc21
GNP	1r2q	isocytosine	No	Cn1cnc2c(=O)[nH]c(N)nc21
3GP	1rgc	isocytosine	No	Cn1cnc2c(=O)[nH]c(N)nc21
GDP	2wmn	isocytosine	No	Cn1cnc2c(=O)[nH]c(N)nc21
GNP	2c77	isocytosine	No	Cn1cnc2c(=O)[nH]c(N)nc21
GNP	1tu3	isocytosine	No	Cn1cnc2c(=O)[nH]c(N)nc21
3GP	6gsp	isocytosine	No	Cn1cnc2c(=O)[nH]c(N)nc21
GNP	2rgc	isocytosine	No	Cn1cnc2c(=O)[nH]c(N)nc21
GUN	1xt4	isocytosine	No	Nc1nc2nc[nH]c2c(=O)[nH]1
ZZZ	2cfi	isocytosine	No	Nc1nc2c(c(=O)[nH]1)NC(C=O)CN2
GDP	1fzq	isocytosine	No	Cn1cnc2c(=O)[nH]c(N)nc21
GDP	1dj2	isocytosine	No	Cn1cnc2c(=O)[nH]c(N)nc21
5GP	3kb8	isocytosine	No	Cn1cnc2c(=O)[nH]c(N)nc21
GTP	1jff	isocytosine	No	Cn1cnc2c(=O)[nH]c(N)nc21
GDP	2a5j	isocytosine	No	Cn1cnc2c(=O)[nH]c(N)nc21
GDP	2i8u	isocytosine	No	Cn1cnc2c(=O)[nH]c(N)nc21
PRF	3bld	isocytosine	No	Cc1c[nH]c2nc(N)[nH]c(=O)c12
GDP	1re0	isocytosine	No	Cn1cnc2c(=O)[nH]c(N)nc21
GDP	3geh	isocytosine	No	Cn1cnc2c(=O)[nH]c(N)nc21
GCP	1hop	isocytosine	No	Cn1cnc2c(=O)[nH]c(N)nc21
GDP	1vg1	isocytosine	No	Cn1cnc2c(=O)[nH]c(N)nc21
GDP	2rho	isocytosine	No	Cn1cnc2c(=O)[nH]c(N)nc21
GTP	3gjx	isocytosine	No	Cn1cnc2c(=O)[nH]c(N)nc21
GDP	2j3e	isocytosine	No	Cn1cnc2c(=O)[nH]c(N)nc21
GDP	2e9s	isocytosine	No	Cn1cnc2c(=O)[nH]c(N)nc21
MGD	1kqf	isocytosine	No	Cn1cnc2c(=O)[nH]c(N)nc21
MGD	1kqf	isocytosine	No	CC1OC2Nc3nc(N)[nH]c(=O)c3NC2C(=S)C1=S
MGD	1kqf	isocytosine	No	CC1OC2Nc3nc(N)[nH]c(=O)c3NC2C(S)=C1S
2GP	3bu4	isocytosine	No	Cn1cnc2c(=O)[nH]c(N)nc21
GNP	2bv3	isocytosine	No	Cn1cnc2c(=O)[nH]c(N)nc21
MTE	1fo4	isocytosine	No	CC1OC2Nc3nc(N)[nH]c(=O)c3NC2C(=S)C1=S
GDP	2ng1	isocytosine	No	Cn1cnc2c(=O)[nH]c(N)nc21
GTP	3bbp	isocytosine	No	Cn1cnc2c(=O)[nH]c(N)nc21
PT1	1br6	isocytosine	Yes	Cc1cnc2[nH]c(N)nc(=O)c2n1
GTP	1hi0	isocytosine	No	Cn1cnc2c(=O)[nH]c(N)nc21
GSP	1yr7	isocytosine	No	Cn1cnc2c(=O)[nH]c(N)nc21
GTP	2r7x	isocytosine	No	Cn1cnc2c(=O)[nH]c(N)nc21
GTP	2r7x	isocytosine	No	Cn1cnc2c(=O)nc(N)[nH]c21
01G	2r75	isocytosine	No	Cc1nc2c(=O)[nH]c(N)nc2n1C
GNP	2bc9	isocytosine	No	Cn1cnc2c(=O)[nH]c(N)nc21
GDP	1ng1	isocytosine	No	Cn1cnc2c(=O)[nH]c(N)nc21
GPX	1ch8	isocytosine	No	Cn1cnc2c(=O)[nH]c(N)nc21
MTE	1uuy	isocytosine	No	CC1OC2Nc3nc(N)[nH]c(=O)c3NC2C(=S)C1=S
GDP	2nzx	isocytosine	No	Cn1cnc2c(=O)[nH]c(N)nc21
FOL	1qzf	isocytosine	No	CC(C)=C1C=CC(/N=C\c2cnc3nc(N)[nH]c(=O)c3n2)C=C1
GNP	1z07	isocytosine	No	Cn1cnc2c(=O)[nH]c(N)nc21
GDP	1ioz	isocytosine	No	Cn1cnc2c(=O)[nH]c(N)nc21
MTE	3b9j	isocytosine	No	CC1OC2Nc3nc(N)[nH]c(=O)c3NC2C(=S)C1=S
GNP	3ddc	isocytosine	No	Cn1cnc2c(=O)[nH]c(N)nc21
GDP	2ic5	isocytosine	No	Cn1cnc2c(=O)[nH]c(N)nc21
GNP	821p	isocytosine	No	Cn1cnc2c(=O)[nH]c(N)nc21
GDP	2hcj	isocytosine	No	Cn1cnc2c(=O)[nH]c(N)nc21
GNP	2aho	isocytosine	No	Cn1cnc2c(=O)[nH]c(N)nc21
GNP	1n6h	isocytosine	No	Cn1cnc2c(=O)[nH]c(N)nc21
MGD	2vpz	isocytosine	No	Cn1cnc2c(=O)[nH]c(N)nc21
MGD	2vpz	isocytosine	No	CC1OC2Nc3nc(N)[nH]c(=O)c3NC2C(=S)C1=S
MGD	2vpz	isocytosine	No	CC1OC2N=c3nc(N)[nH]c(=O)c3=NC2C(=S)C1=S
GTP	1a8r	isocytosine	No	Cn1cnc2c(=O)[nH]c(N)nc21
PRF	1p0e	isocytosine	No	Cc1c[nH]c2[nH]c(N)nc(=O)c12
MGT	1p39	isocytosine	No	Cn1c[n+](C)c2nc(N)[nH]c(=O)c21
GMP	1je1	isocytosine	No	Cn1cnc2c(=O)[nH]c(N)nc21
DHF	1rf7	isocytosine	No	Cc1cnc2nc(N)nc(O)c2n1
DHF	1rf7	isocytosine	No	Cc1cnc2nc(N)[nH]c(=O)c2n1
GDP	1jff	isocytosine	No	Cn1cnc2c(=O)[nH]c(N)nc21
MTE	3etr	isocytosine	No	CC1OC2Nc3nc(N)[nH]c(=O)c3NC2C(=S)C1=S
GCP	2j7k	isocytosine	No	Cn1cnc2c(=O)[nH]c(N)nc21
GDP	2q21	isocytosine	No	Cn1cnc2c(=O)[nH]c(N)nc21
FOX	1tdz	isocytosine	No	CC1CC(Nc2nc(N)[nH]c(=O)c2NC=O)CC1C
GDP	1z0i	isocytosine	No	Cn1cnc2c(=O)[nH]c(N)nc21
C2E	2v0n	isocytosine	No	Cn1cnc2c(=O)[nH]c(N)nc21
C2E	2v0n	isocytosine	No	Cn1cnc2c(=O)nc(N)[nH]c21
C2F	3fsu	isocytosine	No	CC1CNc2nc(N)[nH]c(=O)c2N1C
GP3	1cko	isocytosine	No	Cn1cnc2c(=O)nc(N)[nH]c21
HHR	1tmm	isocytosine	No	Cc1cnc2nc(N)[nH]c(=O)c2n1
GDP	2bcj	isocytosine	No	Cn1cnc2c(=O)nc(N)[nH]c21
GDP	2v4z	isocytosine	No	Cn1cnc2c(=O)[nH]c(N)nc21
GDX	1mv8	isocytosine	No	Cn1cnc2c(=O)[nH]c(N)nc21
GNP	2f9m	isocytosine	No	Cn1cnc2c(=O)[nH]c(N)nc21
GDP	1xtq	isocytosine	No	Cn1cnc2c(=O)[nH]c(N)nc21
GNP	1yvd	isocytosine	No	Cn1cnc2c(=O)[nH]c(N)nc21
GDP	1gfi	isocytosine	No	Cn1cnc2c(=O)[nH]c(N)nc21
GTP	1j2j	isocytosine	No	Cn1cnc2c(=O)[nH]c(N)nc21
GDP	1r8s	isocytosine	No	Cn1cnc2c(=O)[nH]c(N)nc21
GTP	1sa0	isocytosine	No	Cn1cnc2c(=O)[nH]c(N)nc21
GDP	2atv	isocytosine	No	Cn1cnc2c(=O)[nH]c(N)nc21
GDP	1n6k	isocytosine	No	Cn1cnc2c(=O)[nH]c(N)nc21
GNP	1g17	isocytosine	No	Cn1cnc2c(=O)[nH]c(N)nc21
GUN	1vmk	isocytosine	No	Nc1nc2nc[nH]c2c(=O)[nH]1
GCP	3i92	isocytosine	No	Cn1cnc2c(=O)[nH]c(N)nc21
GPC	1rds	isocytosine	No	Cn1cnc2c(=O)[nH]c(N)nc21
PMM	2bmb	isocytosine	No	Cc1cnc2nc(N)[nH]c(=O)c2n1
E89	1y5x	isocytosine	No	Cc1c2nc[nH]c2cc2c(=O)nc(N)[nH]c12
GDP	1x1r	isocytosine	No	Cn1cnc2c(=O)[nH]c(N)nc21
5GP	3dy8	isocytosine	No	Cn1cnc2c(=O)[nH]c(N)nc21
GDP	2w2t	isocytosine	No	Cn1cnc2c(=O)[nH]c(N)nc21
DHF	3dl5	isocytosine	No	Cc1cnc2nc(N)[nH]c(=O)c2n1
GDP	2f9l	isocytosine	No	Cn1cnc2c(=O)[nH]c(N)nc21
NEZ	1y5w	isocytosine	No	Cc1c2nc[nH]c2cc2c(=O)nc(N)[nH]c12
C2E	3bre	isocytosine	No	Cn1cnc2c(=O)[nH]c(N)nc21
C2E	3bre	isocytosine	No	Cn1cnc2c(=O)nc(N)[nH]c21
MTE	1v97	isocytosine	No	CC1OC2Nc3nc(N)[nH]c(=O)c3NC2C(=S)C1=S
5GP	2pnz	isocytosine	No	Cn1cnc2c(=O)[nH]c(N)nc21
HH2	1ad4	isocytosine	No	Cc1cnc2nc(N)[nH]c(=O)c2n1
GTP	3doe	isocytosine	No	Cn1cnc2c(=O)[nH]c(N)nc21
GCP	1cee	isocytosine	No	Cn1cnc2c(=O)nc(N)[nH]c21
GDP	1lf5	isocytosine	No	Cn1cnc2c(=O)[nH]c(N)nc21
GDP	1z6y	isocytosine	No	Cn1cnc2c(=O)[nH]c(N)nc21
PH2	1aj0	isocytosine	No	Cc1cnc2nc(N)[nH]c(=O)c2n1
680	1tx2	isocytosine	No	CNc1nc(N)[nH]c(=O)c1[N+](=O)[O-]
GDP	1svi	isocytosine	No	Cn1cnc2c(=O)[nH]c(N)nc21
GTP	3dco	isocytosine	No	Cn1cnc2c(=O)[nH]c(N)nc21
MTE	3eub	isocytosine	No	CC1OC2Nc3nc(N)[nH]c(=O)c3NC2C(=S)C1=S
THG	3gsi	isocytosine	No	CC1CNc2nc(N)[nH]c(=O)c2N1
GNP	1m2o	isocytosine	No	Cn1cnc2c(=O)[nH]c(N)nc21
GDP	1s8f	isocytosine	No	Cn1cnc2c(=O)[nH]c(N)nc21
GDP	2ngr	isocytosine	No	Cn1cnc2c(=O)[nH]c(N)nc21
GDP	2hek	isocytosine	No	Cn1cnc2c(=O)[nH]c(N)nc21
8CS	2qie	isocytosine	No	CC(O1)C(C)C(=O)C(N2)C1Nc(c23)nc(N)[nH]c3=O
9DG	1q2r	isocytosine	No	Nc1nc(=O)c2[nH]ccc2[nH]1
9DG	1q2r	isocytosine	No	Nc1nc2cc[nH]c2c(=O)[nH]1
GDP	1dar	isocytosine	No	Cn1cnc2c(=O)[nH]c(N)nc21
GTP	2c5l	isocytosine	No	Cn1cnc2c(=O)[nH]c(N)nc21
GDP	1kk3	isocytosine	No	Cn1cnc2c(=O)[nH]c(N)nc21
GDP	3ch5	isocytosine	No	Cn1cnc2c(=O)[nH]c(N)nc21
GTP	2wbe	isocytosine	No	Cn1cnc2c(=O)[nH]c(N)nc21
GDP	2c03	isocytosine	No	Cn1cnc2c(=O)[nH]c(N)nc21
HBI	1mlw	isocytosine	No	Cc1cnc2nc(N)[nH]c(=O)c2n1
GDP	2fol	isocytosine	No	Cn1cnc2c(=O)[nH]c(N)nc21
DGT	1xjj	isocytosine	No	Cn1cnc2c(=O)[nH]c(N)nc21
DGT	1xjj	isocytosine	No	Cn1cnc2c(=O)nc(N)[nH]c21
G4M	3b8x	isocytosine	No	Cn1cnc2c(=O)[nH]c(N)nc21
GDP	3dtb	isocytosine	No	Cn1cnc2c(=O)[nH]c(N)nc21
8OG	3a6u	isocytosine	No	Cn1c(=O)[nH]c2c(=O)[nH]c(N)nc21
MGD	1fdo	isocytosine	No	Cn1cnc2c(=O)[nH]c(N)nc21
MGD	1fdo	isocytosine	No	CC1OC2Nc3nc(N)[nH]c(=O)c3NC2C(=S)C1=S
CB3	1ci7	isocytosine	No	Cc1ccc2[nH]c(N)nc(=O)c2c1
GNP	2fg5	isocytosine	No	Cn1cnc2c(=O)[nH]c(N)nc21
GNP	1s1c	isocytosine	No	Cn1cnc2c(=O)[nH]c(N)nc21
5GP	2klh	isocytosine	No	Cn1cnc2c(=O)[nH]c(N)nc21
PGD	4dmr	isocytosine	No	Cn1cnc2c(=O)[nH]c(N)nc21
PGD	4dmr	isocytosine	No	CC1OC2Nc3nc(N)[nH]c(=O)c3NC2C(S)=C1S
NPR	1u68	isocytosine	No	Cc1cnc2nc(N)[nH]c(=O)c2n1
GDP	1tag	isocytosine	No	Cn1cnc2c(=O)[nH]c(N)nc21
3DG	1v45	isocytosine	No	Cn1cnc2c(=O)[nH]c(N)nc21
GTP	1n3r	isocytosine	No	Cn1cnc2c(=O)[nH]c(N)nc21
GDP	2hdn	isocytosine	No	Cn1cnc2c(=O)[nH]c(N)nc21
QEI	3blo	isocytosine	No	Cc1c[nH]c2nc(N)[nH]c(=O)c12
2GP	1rnt	isocytosine	No	Cn1cnc2c(=O)nc(N)[nH]c21
HH2	1tww	isocytosine	No	Cc1cnc2nc(N)[nH]c(=O)c2n1
HBI	1ltz	isocytosine	No	CC1=Nc2c([nH]c(N)nc2=O)NC1
GNP	1x1s	isocytosine	No	Cn1cnc2c(=O)[nH]c(N)nc21
GNP	1z2c	isocytosine	No	Cn1cnc2c(=O)[nH]c(N)nc21
GMP	3cfo	isocytosine	No	Cn1cnc2c(=O)[nH]c(N)nc21
AIQ	1k4g	isocytosine	No	Cc1cc(N)cc2c(=O)[nH]c(N)nc12
DGT	3ef5	isocytosine	No	Cn1cnc2c(=O)[nH]c(N)nc21
GTP	3hkd	isocytosine	No	Cn1cnc2c(=O)[nH]c(N)nc21
GDP	1zny	isocytosine	No	Cn1cnc2c(=O)[nH]c(N)nc21
GTP	521p	isocytosine	No	Cn1cnc2c(=O)[nH]c(N)nc21
GNP	1lfd	isocytosine	No	Cn1cnc2c(=O)[nH]c(N)nc21
CB3	2aaz	isocytosine	No	Cc1ccc2nc(N)[nH]c(=O)c2c1
2GP	4bu4	isocytosine	No	Cn1cnc2c(=O)[nH]c(N)nc21
PT1	1hwp	isocytosine	Yes	Cc1cnc2[nH]c(N)nc(=O)c2n1
GCP	1jai	isocytosine	No	Cn1cnc2c(=O)[nH]c(N)nc21
GDP	1git	isocytosine	No	Cn1cnc2c(=O)[nH]c(N)nc21
977	1rsi	isocytosine	No	Cc1nc(N)[nH]c(=O)c1C
DGP	1q9x	isocytosine	Yes	Cn1cnc2c(=O)[nH]c(N)nc21
DGP	1q9x	isocytosine	Yes	Cn1cnc2c(=O)nc(N)[nH]c21
GDP	2zjy	isocytosine	No	Cn1cnc2c(=O)[nH]c(N)nc21
GNP	1g7t	isocytosine	No	Cn1cnc2c(=O)[nH]c(N)nc21
G3D	1r8q	isocytosine	No	Cn1cnc2c(=O)[nH]c(N)nc21
MGP	3gdh	isocytosine	No	Cn1c[n+](C)c2nc(N)[nH]c(=O)c21
GDP	2btq	isocytosine	No	Cn1cnc2c(=O)[nH]c(N)nc21
3GP	1goy	isocytosine	No	Cn1cnc2c(=O)[nH]c(N)nc21
GTP	1t91	isocytosine	No	Cn1cnc2c(=O)[nH]c(N)nc21
GDP	1yra	isocytosine	No	Cn1cnc2c(=O)[nH]c(N)nc21
MGD	2vpw	isocytosine	No	Cn1cnc2c(=O)[nH]c(N)nc21
MGD	2vpw	isocytosine	No	CC1OC2Nc3nc(N)[nH]c(=O)c3NC2C(=S)C1=S
MGD	2vpw	isocytosine	No	CC1OC2N=c3nc(N)[nH]c(=O)c3=NC2C(=S)C1=S
GNP	1p2t	isocytosine	No	Cn1cnc2c(=O)[nH]c(N)nc21
HH2	2dzb	isocytosine	No	Cc1cnc2nc(N)[nH]c(=O)c2n1
GDP	3bh7	isocytosine	No	Cn1cnc2c(=O)[nH]c(N)nc21
FFO	1eqb	isocytosine	No	CC1CNc2nc(N)[nH]c(=O)c2N1C=O
GNP	2rgg	isocytosine	No	Cn1cnc2c(=O)[nH]c(N)nc21
GDP	2dgn	isocytosine	No	Cn1cnc2c(=O)[nH]c(N)nc21
PT1	1tx0	isocytosine	No	Cc1cnc2nc(N)[nH]c(=O)c2n1
GNP	1puj	isocytosine	No	Cn1cnc2c(=O)[nH]c(N)nc21
GNP	2px0	isocytosine	No	Cn1cnc2c(=O)[nH]c(N)nc21
GTP	1n6l	isocytosine	No	Cn1cnc2c(=O)[nH]c(N)nc21
GTP	2gil	isocytosine	No	Cn1cnc2c(=O)[nH]c(N)nc21
GDP	2pmd	isocytosine	No	Cn1cnc2c(=O)nc(N)[nH]c21
GDP	1crq	isocytosine	No	Cn1cnc2c(=O)[nH]c(N)nc21
SGP	3d5i	isocytosine	No	Cn1cnc2c(=O)[nH]c(N)nc21
5GP	1ao0	isocytosine	No	Cn1cnc2c(=O)[nH]c(N)nc21
EJ5	3ej5	isocytosine	No	Cc1c(O)nc(N)[nH]c1=O
GDP	2p2l	isocytosine	No	Cn1cnc2c(=O)[nH]c(N)nc21
FOL	2cd2	isocytosine	No	Cc1cnc2nc(N)[nH]c(=O)c2n1
GCP	6q21	isocytosine	No	Cn1cnc2c(=O)[nH]c(N)nc21
H4M	3h65	isocytosine	No	CC1Nc2nc(N)[nH]c(=O)c2N2CN(C)C(C)C12
M7G	1xmm	isocytosine	No	CN1CN(C)c2c1nc(N)[nH]c2=O
GDP	2j1l	isocytosine	No	Cn1cnc2c(=O)[nH]c(N)nc21
GUN	2jhp	isocytosine	No	Nc1nc(=O)c2nc[nH]c2[nH]1
GDD	2gej	isocytosine	No	Cn1cnc2c(=O)[nH]c(N)nc21
NHR	1c3e	isocytosine	No	Cc1ccc2nc(N)[nH]c(=O)c2c1
GTP	2vh5	isocytosine	No	Cn1cnc2c(=O)[nH]c(N)nc21
H2B	2v6t	isocytosine	No	CC1=Nc2c([nH]c(N)nc2=O)NC1
GNP	2j7p	isocytosine	No	Cn1cnc2c(=O)[nH]c(N)nc21
GDP	1u2r	isocytosine	No	Cn1cnc2c(=O)[nH]c(N)nc21
GDP	1doa	isocytosine	No	Cn1cnc2c(=O)nc(N)[nH]c21
HBI	1dr6	isocytosine	No	Cc1cnc2nc(N)[nH]c(=O)c2n1
DZF	1dyh	isocytosine	No	Cc1cnc2nc(N)[nH]c(=O)c2c1
GNP	1day	isocytosine	No	Cn1cnc2c(=O)[nH]c(N)nc21
GDP	2j68	isocytosine	No	Cn1cnc2c(=O)[nH]c(N)nc21
GDP	3ieu	isocytosine	No	Cn1cnc2c(=O)[nH]c(N)nc21
GDP	3c7k	isocytosine	No	Cn1cnc2c(=O)[nH]c(N)nc21
GDP	1ow3	isocytosine	No	Cn1cnc2c(=O)[nH]c(N)nc21
FOL	1cd2	isocytosine	No	Cc1cnc2nc(N)[nH]c(=O)c2n1
GNP	3bc1	isocytosine	No	Cn1cnc2c(=O)[nH]c(N)nc21
GDP	3hkb	isocytosine	No	Cn1cnc2c(=O)[nH]c(N)nc21
GDP	2rcn	isocytosine	No	Cn1cnc2c(=O)[nH]c(N)nc21
GDP	2g83	isocytosine	No	Cn1cnc2c(=O)[nH]c(N)nc21
GDP	2g83	isocytosine	No	Cn1cnc2c(=O)nc(N)[nH]c21
5GP	1a97	isocytosine	No	Cn1cnc2c(=O)[nH]c(N)nc21
2GP	1fzu	isocytosine	No	Cn1cnc2c(=O)[nH]c(N)nc21
GTP	2fh5	isocytosine	No	Cn1cnc2c(=O)[nH]c(N)nc21
GTP	2w83	isocytosine	No	Cn1cnc2c(=O)[nH]c(N)nc21
GNP	1xcm	isocytosine	No	Cn1cnc2c(=O)[nH]c(N)nc21
GTP	2px3	isocytosine	No	Cn1cnc2c(=O)[nH]c(N)nc21
3GP	1rga	isocytosine	No	Cn1cnc2c(=O)[nH]c(N)nc21
PCG	2q0a	isocytosine	No	Cn1cnc2c(=O)[nH]c(N)nc21
H4B	1j8u	isocytosine	No	CC1CNc2nc(N)[nH]c(=O)c2N1
A45	1rri	isocytosine	No	Cn1nc2[nH]c(N)nc(=O)c2n1
GDP	3bfk	isocytosine	No	Cn1cnc2c(=O)[nH]c(N)nc21
GDP	2cld	isocytosine	No	Cn1cnc2c(=O)[nH]c(N)nc21
GNP	1k5d	isocytosine	No	Cn1cnc2c(=O)[nH]c(N)nc21
GTP	2clc	isocytosine	No	Cn1cnc2c(=O)[nH]c(N)nc21
2GP	5hoh	isocytosine	No	Cn1cnc2c(=O)[nH]c(N)nc21
2GP	5hoh	isocytosine	No	Cn1cnc2c(=O)nc(N)[nH]c21
PCG	3dyq	isocytosine	No	Cn1cnc2c(=O)[nH]c(N)nc21
GTP	3rap	isocytosine	No	Cn1cnc2c(=O)[nH]c(N)nc21
5GP	2j41	isocytosine	No	Cn1cnc2c(=O)[nH]c(N)nc21
GTA	1st4	isocytosine	No	Cn1c[n+](C)c2nc(N)[nH]c(=O)c21
PH2	1hq2	isocytosine	No	Cc1cnc2nc(N)[nH]c(=O)c2n1
MGP	3ctr	isocytosine	No	Cn1c[n+](C)c2nc(N)[nH]c(=O)c21
GSP	2q1y	isocytosine	No	Cn1cnc2c(=O)[nH]c(N)nc21
5GP	3dys	isocytosine	No	Cn1cnc2c(=O)[nH]c(N)nc21
MGD	1vle	isocytosine	No	Cn1cnc2c(=O)[nH]c(N)nc21
MGD	1vle	isocytosine	No	CC1OC2Nc3nc(N)[nH]c(=O)c3NC2C(=S)C1=S
GDP	2efg	isocytosine	No	Cn1cnc2c(=O)[nH]c(N)nc21
5GP	2ywt	isocytosine	No	Cn1cnc2c(=O)[nH]c(N)nc21
GDP	1wms	isocytosine	No	Cn1cnc2c(=O)[nH]c(N)nc21
GDP	1grn	isocytosine	No	Cn1cnc2c(=O)[nH]c(N)nc21
GNP	1n6o	isocytosine	No	Cn1cnc2c(=O)[nH]c(N)nc21
5GP	1ex7	isocytosine	No	Cn1cnc2c(=O)[nH]c(N)nc21
GTP	1yr8	isocytosine	No	Cn1cnc2c(=O)[nH]c(N)nc21
GTP	2p4n	isocytosine	No	Cn1cnc2c(=O)[nH]c(N)nc21
HBI	1dcp	isocytosine	Yes	Cc1cnc2[nH]c(N)nc(=O)c2n1
HBI	1dcp	isocytosine	Yes	CC1=Nc2c(nc(N)[nH]c2=O)NC1
GDP	1gim	isocytosine	No	Cn1cnc2c(=O)[nH]c(N)nc21
GNP	2ocb	isocytosine	No	Cn1cnc2c(=O)[nH]c(N)nc21
C2E	3gg0	isocytosine	No	Cn1cnc2c(=O)[nH]c(N)nc21
GNP	2ew1	isocytosine	No	Cn1cnc2c(=O)[nH]c(N)nc21
GDP	3a1t	isocytosine	No	Cn1cnc2c(=O)[nH]c(N)nc21
GDP	1zcb	isocytosine	No	Cn1cnc2c(=O)[nH]c(N)nc21
GNP	1ky2	isocytosine	No	Cn1cnc2c(=O)[nH]c(N)nc21
GNP	2bvn	isocytosine	No	Cn1cnc2c(=O)[nH]c(N)nc21
GNP	1ctq	isocytosine	No	Cn1cnc2c(=O)[nH]c(N)nc21
GDP	3i8x	isocytosine	No	Cn1cnc2c(=O)[nH]c(N)nc21
GDP	2h5e	isocytosine	No	Cn1cnc2c(=O)[nH]c(N)nc21
MGD	2v45	isocytosine	No	Cn1cnc2c(=O)[nH]c(N)nc21
MGD	2v45	isocytosine	No	CC1OC2Nc3nc(N)[nH]c(=O)c3NC2C(=S)C1=S
MGD	2v45	isocytosine	No	Cn1cnc2c(=O)nc(N)[nH]c21
GDP	2gj9	isocytosine	No	Cn1cnc2c(=O)[nH]c(N)nc21
PQ0	1p0b	isocytosine	No	N#Cc1c[nH]c2[nH]c(N)nc(=O)c12
GDP	2hxh	isocytosine	No	Cn1cnc2c(=O)[nH]c(N)nc21
PGD	1dmr	isocytosine	No	Cn1cnc2c(=O)[nH]c(N)nc21
PGD	1dmr	isocytosine	No	CC1OC2Nc3nc(N)[nH]c(=O)c3NC2C(S)=C1S
5GP	2bwg	isocytosine	No	Cn1cnc2c(=O)[nH]c(N)nc21
5GP	2bwg	isocytosine	No	Cn1cnc2c(=O)nc(N)[nH]c21
GDP	1ha3	isocytosine	No	Cn1cnc2c(=O)[nH]c(N)nc21
GDP	2g0n	isocytosine	No	Cn1cnc2c(=O)[nH]c(N)nc21
SOS	3c58	isocytosine	No	Cc1c(NC2CC(C)C(C)C2)nc(N)[nH]c1=O
GDP	1nht	isocytosine	No	Cn1cnc2c(=O)[nH]c(N)nc21
MGD	2jir	isocytosine	No	Cn1cnc2c(=O)[nH]c(N)nc21
MGD	2jir	isocytosine	No	CC1OC2Nc3nc(N)[nH]c(=O)c3NC2C(=S)C1=S
MGD	2jir	isocytosine	No	Cn1cnc2c(=O)nc(N)[nH]c21
GDP	2nty	isocytosine	No	Cn1cnc2c(=O)[nH]c(N)nc21
GDP	2p8y	isocytosine	No	Cn1cnc2c(=O)[nH]c(N)nc21
GDP	2p4n	isocytosine	No	Cn1cnc2c(=O)[nH]c(N)nc21
M7G	1ej4	isocytosine	No	Cn1c[n+](C)c2nc(N)[nH]c(=O)c21
KT5	1rbz	isocytosine	No	Cc1c(N)nc(N)[nH]c1=O
OXG	1hu0	isocytosine	No	Nc1nc2[nH]c(=O)[nH]c2c(=O)[nH]1
GDP	1as3	isocytosine	No	Cn1cnc2c(=O)[nH]c(N)nc21
GDP	2wjh	isocytosine	No	Cn1cnc2c(=O)[nH]c(N)nc21
GDP	1fqj	isocytosine	No	Cn1cnc2c(=O)nc(N)[nH]c21
P1G	2ai1	isocytosine	No	Cn1cnc2c(=O)[nH]c(N)nc21
GNP	1yzu	isocytosine	No	Cn1cnc2c(=O)[nH]c(N)nc21
7DG	1il3	isocytosine	No	Nc1nc2[nH]ccc2c(=O)[nH]1
MGD	2ivf	isocytosine	No	Cn1cnc2c(=O)[nH]c(N)nc21
MGD	2ivf	isocytosine	No	CC1OC2Nc3nc(N)[nH]c(=O)c3NC2C(=S)C1=S
GDP	2oil	isocytosine	No	Cn1cnc2c(=O)[nH]c(N)nc21
M7G	1ap8	isocytosine	Yes	Cn1c[n+](C)c2[nH]c(N)nc(=O)c21
2GP	1i0x	isocytosine	No	Cn1cnc2c(=O)[nH]c(N)nc21
GDP	1gg2	isocytosine	No	Cn1cnc2c(=O)[nH]c(N)nc21
GDP	2dcu	isocytosine	No	Cn1cnc2c(=O)[nH]c(N)nc21
ROI	1cbk	isocytosine	No	CC1(C)Nc2nc(N)[nH]c(=O)c2NC1=O
GDP	3ec1	isocytosine	No	Cn1cnc2c(=O)[nH]c(N)nc21
GDP	3def	isocytosine	No	Cn1cnc2c(=O)[nH]c(N)nc21
GDP	2if0	isocytosine	No	Cn1cnc2c(=O)[nH]c(N)nc21
2GP	4hoh	isocytosine	No	Cn1cnc2c(=O)[nH]c(N)nc21
GTP	1z0k	isocytosine	No	Cn1cnc2c(=O)[nH]c(N)nc21
3GP	1low	isocytosine	No	Cn1cnc2c(=O)[nH]c(N)nc21
2GP	1ch0	isocytosine	No	Cn1cnc2c(=O)[nH]c(N)nc21
GUN	2puc	isocytosine	No	Nc1nc2[nH]cnc2c(=O)[nH]1
GDP	1ftn	isocytosine	No	Cn1cnc2c(=O)[nH]c(N)nc21
GDP	1kjy	isocytosine	No	Cn1cnc2c(=O)[nH]c(N)nc21
GDP	3d7m	isocytosine	No	Cn1cnc2c(=O)[nH]c(N)nc21
GNP	1cf4	isocytosine	No	Cn1cnc2c(=O)[nH]c(N)nc21
GDP	1gdd	isocytosine	No	Cn1cnc2c(=O)nc(N)[nH]c21
C2E	3gg1	isocytosine	No	Cn1cnc2c(=O)[nH]c(N)nc21
FOL	2d0k	isocytosine	No	CNC(=O)c1ccc(N/C=C2/C=Nc3nc(N)[nH]c(=O)c3N2)cc1
FOL	2d0k	isocytosine	No	Cc1cnc2nc(N)[nH]c(=O)c2n1
GNG	2zi7	isocytosine	No	Cn1cnc2c(=O)[nH]c(N)nc21
GTA	3hxg	isocytosine	No	Cn1c[n+](C)c2nc(N)[nH]c(=O)c21
GDP	1hh4	isocytosine	No	Cn1cnc2c(=O)[nH]c(N)nc21
GUN	1sql	isocytosine	No	Nc1nc2nc[nH]c2c(=O)[nH]1
GUN	1sql	isocytosine	No	Nc1nc2[nH]cnc2c(=O)[nH]1
GNP	421p	isocytosine	No	Cn1cnc2c(=O)[nH]c(N)nc21
GDP	1rrf	isocytosine	No	Cn1cnc2c(=O)[nH]c(N)nc21
GUN	2jhc	isocytosine	No	Nc1nc(=O)c2[nH]cnc2[nH]1
GNP	1p2v	isocytosine	No	Cn1cnc2c(=O)[nH]c(N)nc21
GTP	1ckn	isocytosine	No	Cn1cnc2c(=O)[nH]c(N)nc21
GUN	1ulb	isocytosine	No	Nc1nc2nc[nH]c2c(=O)[nH]1
FOL	1dyi	isocytosine	No	CNC(=O)c1ccc(N/C=C2/C=Nc3nc(N)[nH]c(=O)c3N2)cc1
FOL	1dyi	isocytosine	No	Cc1cnc2nc(N)[nH]c(=O)c2n1
GDP	1ukv	isocytosine	No	Cn1cnc2c(=O)[nH]c(N)nc21
MGD	2iv2	isocytosine	No	Cn1cnc2c(=O)[nH]c(N)nc21
MGD	2iv2	isocytosine	No	CC1OC2Nc3nc(N)[nH]c(=O)c3NC2C(=S)C1=S
GDP	1etu	isocytosine	No	Cn1cnc2c(=O)[nH]c(N)nc21
DQU	1q4w	isocytosine	No	Nc1ccc2[nH]c(N)nc(=O)c2c1
5GP	1c9k	isocytosine	No	Cn1cnc2c(=O)[nH]c(N)nc21
5GP	1c9k	isocytosine	No	Cn1cnc2c(=O)nc(N)[nH]c21
GDP	1qg4	isocytosine	No	Cn1cnc2c(=O)[nH]c(N)nc21
GTP	3ffu	isocytosine	No	Cn1cnc2c(=O)[nH]c(N)nc21
HA1	1v48	isocytosine	No	Cn1cnc2c(=O)[nH]c(N)nc21
GDP	1y3a	isocytosine	No	Cn1cnc2c(=O)[nH]c(N)nc21
GDP	1y3a	isocytosine	No	Cn1cnc2c(=O)nc(N)[nH]c21
GSP	2rho	isocytosine	No	Cn1cnc2c(=O)[nH]c(N)nc21
GUN	1yqu	isocytosine	No	Nc1nc2nc[nH]c2c(=O)[nH]1
GDP	2p5s	isocytosine	No	Cn1cnc2c(=O)[nH]c(N)nc21
GDP	2rhl	isocytosine	No	Cn1cnc2c(=O)[nH]c(N)nc21
GTP	3dof	isocytosine	No	Cn1cnc2c(=O)[nH]c(N)nc21
GTP	3dt7	isocytosine	No	Cn1cnc2c(=O)[nH]c(N)nc21
GTP	2a5d	isocytosine	No	Cn1cnc2c(=O)[nH]c(N)nc21
5GP	1waj	isocytosine	No	Cn1cnc2c(=O)[nH]c(N)nc21
GDP	1ryf	isocytosine	No	Cn1cnc2c(=O)[nH]c(N)nc21
GP2	1s1d	isocytosine	No	Cn1cnc2c(=O)[nH]c(N)nc21
GTP	3hke	isocytosine	No	Cn1cnc2c(=O)[nH]c(N)nc21
GDP	1he1	isocytosine	No	Cn1cnc2c(=O)[nH]c(N)nc21
8OG	1puq	isocytosine	No	Cn1c(=O)[nH]c2c(=O)nc(N)[nH]c21
MTE	2a9b	isocytosine	No	CC1OC2Nc3nc(N)[nH]c(=O)c3NC2C(=S)C1=S
PH2	1ru1	isocytosine	No	Cc1cnc2nc(N)[nH]c(=O)c2n1
G7M	1n1h	isocytosine	No	Cn1c[n+](C)c2nc(N)[nH]c(=O)c21
GDP	1efc	isocytosine	No	Cn1cnc2c(=O)[nH]c(N)nc21
GDP	2qth	isocytosine	No	Cn1cnc2c(=O)[nH]c(N)nc21
S60	3c2y	isocytosine	No	Cc1nc2cc3[nH]c(N)nc(=O)c3cc2[nH]1
MTE	3bdj	isocytosine	No	CC1OC2Nc3nc(N)[nH]c(=O)c3NC2C(S)=C1S
GDP	1gin	isocytosine	No	Cn1cnc2c(=O)[nH]c(N)nc21
GDP	3cb2	isocytosine	No	Cn1cnc2c(=O)[nH]c(N)nc21
GNP	1cip	isocytosine	No	Cn1cnc2c(=O)nc(N)[nH]c21
MGD	1vlf	isocytosine	No	Cn1cnc2c(=O)[nH]c(N)nc21
MGD	1vlf	isocytosine	No	CC1OC2Nc3nc(N)[nH]c(=O)c3NC2C(=S)C1=S
DZF	1cde	isocytosine	No	CC1CNc2nc(N)[nH]c(=O)c2C1
GDP	1r5n	isocytosine	No	Cn1cnc2c(=O)[nH]c(N)nc21
GNP	1n6r	isocytosine	No	Cn1cnc2c(=O)[nH]c(N)nc21
GSP	2j5x	isocytosine	No	Cn1cnc2c(=O)[nH]c(N)nc21
2GP	1i3f	isocytosine	No	Cn1cnc2c(=O)[nH]c(N)nc21
GDP	1oiv	isocytosine	No	Cn1cnc2c(=O)[nH]c(N)nc21
GDP	2h7v	isocytosine	No	Cn1cnc2c(=O)[nH]c(N)nc21
C2F	2ogy	isocytosine	No	CC1CNc2nc(N)[nH]c(=O)c2N1C
GNP	1sz3	isocytosine	No	Cn1cnc2c(=O)nc(N)[nH]c21
MGP	1l8b	isocytosine	No	Cn1c[n+](C)c2nc(N)[nH]c(=O)c21
3PD	2djh	isocytosine	No	Cn1cnc2c(=O)[nH]c(N)nc21
GNP	1am4	isocytosine	No	Cn1cnc2c(=O)[nH]c(N)nc21
5GP	1lvg	isocytosine	No	Cn1cnc2c(=O)[nH]c(N)nc21
GTP	3dzh	isocytosine	No	Cn1cnc2c(=O)[nH]c(N)nc21
C2E	3i5a	isocytosine	No	Cn1cnc2c(=O)[nH]c(N)nc21
C2E	3i5a	isocytosine	No	CN1CNc2c1[nH]c(N)nc2=O
C2E	3i5a	isocytosine	No	CN1CNc2c1nc(N)[nH]c2=O
GTP	1tvk	isocytosine	No	Cn1cnc2c(=O)[nH]c(N)nc21
GDP	2atq	isocytosine	No	Cn1cnc2c(=O)[nH]c(N)nc21
GDP	3gj3	isocytosine	No	Cn1cnc2c(=O)[nH]c(N)nc21
GDP	3ea5	isocytosine	No	Cn1cnc2c(=O)[nH]c(N)nc21
GTP	2v55	isocytosine	No	Cn1cnc2c(=O)[nH]c(N)nc21
GDP	3cbq	isocytosine	No	Cn1cnc2c(=O)[nH]c(N)nc21
GNP	1kk1	isocytosine	No	Cn1cnc2c(=O)[nH]c(N)nc21
MGV	2v8y	isocytosine	No	Cn1c[n+](C)c2c(=O)[nH]c(N)nc21
GDP	2rgn	isocytosine	No	Cn1cnc2c(=O)[nH]c(N)nc21
GDP	2bcg	isocytosine	No	Cn1cnc2c(=O)[nH]c(N)nc21
MGT	2jgb	isocytosine	No	Cn1c[n+](C)c2nc(N)[nH]c(=O)c21
GDP	3clv	isocytosine	No	Cn1cnc2c(=O)[nH]c(N)nc21
GDP	2qm7	isocytosine	No	Cn1cnc2c(=O)[nH]c(N)nc21
GDP	3hkc	isocytosine	No	Cn1cnc2c(=O)[nH]c(N)nc21
5GP	1g7c	isocytosine	No	Cn1cnc2c(=O)[nH]c(N)nc21
GDP	2bmd	isocytosine	No	Cn1cnc2c(=O)[nH]c(N)nc21
GDP	1tq4	isocytosine	No	Cn1cnc2c(=O)[nH]c(N)nc21
G4M	3dr4	isocytosine	No	Cn1cnc2c(=O)[nH]c(N)nc21
FOX	1xc8	isocytosine	No	CC1CC(Nc2nc(N)[nH]c(=O)c2NC=O)CC1C
GNP	2atx	isocytosine	No	Cn1cnc2c(=O)[nH]c(N)nc21
GTP	3ek5	isocytosine	No	Cn1cnc2c(=O)[nH]c(N)nc21
GTP	2cls	isocytosine	No	Cn1cnc2c(=O)[nH]c(N)nc21
MGD	1fdi	isocytosine	No	Cn1cnc2c(=O)[nH]c(N)nc21
MGD	1fdi	isocytosine	No	CC1OC2Nc3nc(N)[nH]c(=O)c3NC2C(=S)C1=S
GTP	3g6w	isocytosine	No	Cn1cnc2c(=O)nc(N)[nH]c21
GDP	2rok	isocytosine	No	Cn1cnc2c(=O)[nH]c(N)nc21
GTG	1st0	isocytosine	No	Cn1cnc2c(=O)[nH]c(N)nc21
GTG	1st0	isocytosine	No	Cn1c[n+](C)c2nc(N)[nH]c(=O)c21
GTG	1st0	isocytosine	No	Cn1cnc2c(=O)nc(N)[nH]c21
GDP	1n6i	isocytosine	No	Cn1cnc2c(=O)[nH]c(N)nc21
GTA	1wkw	isocytosine	No	CN1CN(C)c2c1nc(N)[nH]c2=O
M7G	2vp3	isocytosine	No	Cn1c[n+](C)c2nc(N)[nH]c(=O)c21
L34	1dib	isocytosine	No	CN1CC2CNc3nc(N)[nH]c(=O)c3N2C1=O
5GP	2a7r	isocytosine	No	Cn1cnc2c(=O)[nH]c(N)nc21
5GP	2a7r	isocytosine	No	Cn1cnc2c(=O)nc(N)[nH]c21
GTP	1z0j	isocytosine	No	Cn1cnc2c(=O)[nH]c(N)nc21
MGD	1vld	isocytosine	No	Cn1cnc2c(=O)[nH]c(N)nc21
MGD	1vld	isocytosine	No	CC1OC2Nc3nc(N)[nH]c(=O)c3NC2C(=S)C1=S
BC3	3djf	isocytosine	No	Cc1c[nH]c2c(=O)[nH]c(N)nc12
GDP	2dpx	isocytosine	No	Cn1cnc2c(=O)[nH]c(N)nc21
GDP	2qu8	isocytosine	No	Cn1cnc2c(=O)[nH]c(N)nc21
2GP	1i2e	isocytosine	No	Cn1cnc2c(=O)[nH]c(N)nc21
2GP	1g02	isocytosine	No	Cn1cnc2c(=O)[nH]c(N)nc21
MGD	2nap	isocytosine	No	Cn1cnc2c(=O)[nH]c(N)nc21
MGD	2nap	isocytosine	No	CC1OC2Nc3nc(N)[nH]c(=O)c3NC2C(=S)C1=S
MGD	2nap	isocytosine	No	Cn1cnc2c(=O)nc(N)[nH]c21
LYA	3k2h	isocytosine	No	Cc1c[nH]c2nc(N)[nH]c(=O)c12
2GP	1hyf	isocytosine	No	Cn1cnc2c(=O)[nH]c(N)nc21
GNP	1vg8	isocytosine	No	Cn1cnc2c(=O)[nH]c(N)nc21
GDP	1mre	isocytosine	No	Cn1cnc2c(=O)[nH]c(N)nc21
S98	3c2z	isocytosine	No	CCNc1nc2cc3[nH]c(N)nc(=O)c3cc2[nH]1
GDP	2h16	isocytosine	No	Cn1cnc2c(=O)[nH]c(N)nc21
2GP	1fut	isocytosine	No	Cn1cnc2c(=O)[nH]c(N)nc21
GDD	2i8t	isocytosine	No	Cn1cnc2c(=O)[nH]c(N)nc21
GDP	3gj5	isocytosine	No	Cn1cnc2c(=O)[nH]c(N)nc21
GDP	2ik8	isocytosine	No	Cn1cnc2c(=O)[nH]c(N)nc21
GDP	1rpn	isocytosine	No	Cn1cnc2c(=O)nc(N)[nH]c21
GSP	3ffa	isocytosine	No	Cn1cnc2c(=O)nc(N)[nH]c21
GCP	121p	isocytosine	No	Cn1cnc2c(=O)[nH]c(N)nc21
GDP	1t2a	isocytosine	No	Cn1cnc2c(=O)nc(N)[nH]c21
GDP	2z1m	isocytosine	No	Cn1cnc2c(=O)nc(N)[nH]c21
PCG	3dyn	isocytosine	No	Cn1cnc2c(=O)[nH]c(N)nc21
GDP	1d8t	isocytosine	No	Cn1cnc2c(=O)[nH]c(N)nc21
GDX	2bo8	isocytosine	Yes	Cn1cnc2c(=O)[nH]c(N)nc21
2GP	5bu4	isocytosine	No	Cn1cnc2c(=O)[nH]c(N)nc21
8HG	1xqp	isocytosine	No	Cn1c(=O)[nH]c2c(=O)[nH]c(N)nc21
MTE	2a9d	isocytosine	No	CC1OC2Nc3nc(N)[nH]c(=O)c3NC2C(=S)C1=S
DDF	1dyj	isocytosine	No	CC1C=Nc2nc(N)[nH]c(=O)c2C1
DDF	1dyj	isocytosine	No	CC1CNc2nc(N)[nH]c(=O)c2C1
GNP	1k8r	isocytosine	No	Cn1cnc2c(=O)[nH]c(N)nc21
FFO	1dfo	isocytosine	No	CC1CNc2nc(N)[nH]c(=O)c2N1C=O
2GP	1det	isocytosine	No	Cn1cnc2c(=O)[nH]c(N)nc21
GDP	2h17	isocytosine	No	Cn1cnc2c(=O)[nH]c(N)nc21
GTP	3icq	isocytosine	No	Cn1cnc2c(=O)[nH]c(N)nc21
GTP	1w5a	isocytosine	No	Cn1cnc2c(=O)[nH]c(N)nc21
3GP	1loy	isocytosine	No	Cn1cnc2c(=O)[nH]c(N)nc21
C2F	1zp4	isocytosine	No	CC1CNc2nc(N)[nH]c(=O)c2N1C
5GP	1znx	isocytosine	No	Cn1cnc2c(=O)[nH]c(N)nc21
GDP	2ht6	isocytosine	No	Cn1cnc2c(=O)[nH]c(N)nc21
GDP	2q3h	isocytosine	No	Cn1cnc2c(=O)[nH]c(N)nc21
5GP	2ble	isocytosine	No	Cn1cnc2c(=O)[nH]c(N)nc21
GDP	1cg3	isocytosine	No	Cn1cnc2c(=O)[nH]c(N)nc21
GTP	1ksg	isocytosine	No	Cn1cnc2c(=O)[nH]c(N)nc21
5GP	1vcz	isocytosine	No	Cn1cnc2c(=O)[nH]c(N)nc21
FFO	1wop	isocytosine	No	CC1CNc2nc(N)[nH]c(=O)c2N1C=O
FFO	1wop	isocytosine	No	CC1CNc2[nH]c(N)nc(=O)c2N1C=O
DDF	1rx5	isocytosine	No	CC1C=Nc2nc(N)[nH]c(=O)c2C1
GNP	721p	isocytosine	No	Cn1cnc2c(=O)[nH]c(N)nc21
HHR	1ru2	isocytosine	No	Cc1cnc2nc(N)[nH]c(=O)c2n1
GA2	1ki2	isocytosine	No	Cn1cnc2c(=O)[nH]c(N)nc21
GA2	1ki2	isocytosine	No	Cn1cnc2c(=O)nc(N)[nH]c21
CKR	3c2n	isocytosine	No	CCNc1nc2cc3[nH]c(N)nc(=O)c3cc2[nH]1
GNP	2cl0	isocytosine	No	Cn1cnc2c(=O)[nH]c(N)nc21
GP2	3exm	isocytosine	No	Cn1cnc2c(=O)[nH]c(N)nc21
GTP	2wkq	isocytosine	No	Cn1cnc2c(=O)[nH]c(N)nc21
FFO	1pj7	isocytosine	No	CC1CNc2nc(N)[nH]c(=O)c2N1C=O
GNP	1u8y	isocytosine	No	Cn1cnc2c(=O)[nH]c(N)nc21
GTP	1nrj	isocytosine	No	Cn1cnc2c(=O)[nH]c(N)nc21
GNP	1f5n	isocytosine	No	Cn1cnc2c(=O)[nH]c(N)nc21
G2P	1w5f	isocytosine	No	Cn1cnc2c(=O)[nH]c(N)nc21
DGT	1xjk	isocytosine	No	Cn1cnc2c(=O)[nH]c(N)nc21
GDP	2hei	isocytosine	No	Cn1cnc2c(=O)[nH]c(N)nc21
GNP	1uad	isocytosine	No	Cn1cnc2c(=O)[nH]c(N)nc21
HBI	2toh	isocytosine	No	CC1=Nc2c([nH]c(N)nc2=O)NC1
PCG	3dyl	isocytosine	No	Cn1cnc2c(=O)[nH]c(N)nc21
THH	1wsv	isocytosine	No	CC1CNc2nc(N)[nH]c(=O)c2N1C
GDP	2fv8	isocytosine	No	Cn1cnc2c(=O)[nH]c(N)nc21
GDP	1svk	isocytosine	No	Cn1cnc2c(=O)[nH]c(N)nc21
BPG	1qhi	isocytosine	No	Cn1cnc2c(=O)[nH]c(Nc3ccccc3)nc21
MTE	1n5x	isocytosine	No	CC1OC2Nc3nc(N)[nH]c(=O)c3NC2C(=S)C1=S
MTE	1sox	isocytosine	No	CC1OC2Nc3nc(N)[nH]c(=O)c3NC2C(=S)C1=S
MGD	2jip	isocytosine	No	Cn1cnc2c(=O)[nH]c(N)nc21
MGD	2jip	isocytosine	No	CC1OC2Nc3nc(N)[nH]c(=O)c3NC2C(=S)C1=S
MGD	2jip	isocytosine	No	Cn1cnc2c(=O)nc(N)[nH]c21
GDP	1tpz	isocytosine	No	Cn1cnc2c(=O)[nH]c(N)nc21
GDP	2gek	isocytosine	No	Cn1cnc2c(=O)[nH]c(N)nc21
GNP	1xtr	isocytosine	No	Cn1cnc2c(=O)[nH]c(N)nc21
GDP	1rq7	isocytosine	No	Cn1cnc2c(=O)[nH]c(N)nc21
GNP	1nvw	isocytosine	No	Cn1cnc2c(=O)[nH]c(N)nc21
GDP	2gf9	isocytosine	No	Cn1cnc2c(=O)[nH]c(N)nc21
GPX	1vj7	isocytosine	No	Cn1cnc2c(=O)[nH]c(N)nc21
GSP	3c15	isocytosine	No	Cn1cnc2c(=O)[nH]c(N)nc21
7MG	3d45	isocytosine	No	Cn1c[n+](C)c2[nH]c(N)nc(=O)c21
7MG	3d45	isocytosine	No	Cn1c[n+](C)c2nc(N)[nH]c(=O)c21
PMM	1eye	isocytosine	No	Cc1cnc2nc(N)[nH]c(=O)c2n1
GDP	2al7	isocytosine	No	Cn1cnc2c(=O)[nH]c(N)nc21
GDP	1cc0	isocytosine	No	Cn1cnc2c(=O)[nH]c(N)nc21
GNP	2c78	isocytosine	No	Cn1cnc2c(=O)[nH]c(N)nc21
GDP	2fx3	isocytosine	No	Cn1cnc2c(=O)[nH]c(N)nc21
M7G	1rf8	isocytosine	No	Cn1c[n+](C)c2[nH]c(N)nc(=O)c21
GTP	1m7b	isocytosine	No	Cn1cnc2c(=O)[nH]c(N)nc21
PE2	1ki3	isocytosine	No	Cn1cnc2c(=O)[nH]c(N)nc21
9DG	1q2s	isocytosine	No	Nc1nc(=O)c2[nH]ccc2[nH]1
GNP	1wf3	isocytosine	No	Cn1cnc2c(=O)[nH]c(N)nc21
GNP	5p21	isocytosine	No	Cn1cnc2c(=O)[nH]c(N)nc21
PMM	1twz	isocytosine	No	Cc1cnc2nc(N)[nH]c(=O)c2n1
GDP	2efh	isocytosine	No	Cn1cnc2c(=O)[nH]c(N)nc21
AQO	1s39	isocytosine	No	Nc1nc(=O)c2ccccc2[nH]1
GDP	1z6x	isocytosine	No	Cn1cnc2c(=O)[nH]c(N)nc21
IMU	1bzy	isocytosine	No	Cc1c[nH]c2c(=O)[nH]c(N)nc12
GNP	1i4t	isocytosine	No	Cn1cnc2c(=O)[nH]c(N)nc21
GNP	2rgd	isocytosine	No	Cn1cnc2c(=O)[nH]c(N)nc21
GNP	1huq	isocytosine	No	Cn1cnc2c(=O)[nH]c(N)nc21
DGP	2qca	isocytosine	No	Cn1cnc2c(=O)[nH]c(N)nc21
GDP	2fpg	isocytosine	No	Cn1cnc2c(=O)[nH]c(N)nc21
GU7	1fxu	isocytosine	No	Cn1cnc2nc(N)[nH]c(=O)c21
MHF	1dnp	isocytosine	No	CN1CC2CNc3nc(N)[nH]c(=O)c3N2C1
GDP	3gj0	isocytosine	No	Cn1cnc2c(=O)[nH]c(N)nc21
CAG	2cl6	isocytosine	No	Cn1cnc2c(=O)[nH]c(N)nc21
GTP	2bto	isocytosine	No	Cn1cnc2c(=O)[nH]c(N)nc21
GCP	1okk	isocytosine	No	Cn1cnc2c(=O)[nH]c(N)nc21
GDP	2ce2	isocytosine	No	Cn1cnc2c(=O)[nH]c(N)nc21
GDP	3brw	isocytosine	No	Cn1cnc2c(=O)[nH]c(N)nc21
GCP	1jah	isocytosine	No	Cn1cnc2c(=O)[nH]c(N)nc21
2GP	3bir	isocytosine	No	Cn1cnc2c(=O)[nH]c(N)nc21
GDP	1byu	isocytosine	No	Cn1cnc2c(=O)[nH]c(N)nc21
C2F	1b02	isocytosine	No	CC1CNc2nc(N)[nH]c(=O)c2N1C
5GP	2d4h	isocytosine	No	Cn1cnc2c(=O)[nH]c(N)nc21
GDP	3bwd	isocytosine	No	Cn1cnc2c(=O)[nH]c(N)nc21
C2E	3i5c	isocytosine	No	Cn1cnc2c(=O)[nH]c(N)nc21
PH2	2dhn	isocytosine	No	Cc1cnc2nc(N)[nH]c(=O)c2n1
GDP	1crr	isocytosine	No	Cn1cnc2c(=O)[nH]c(N)nc21
5GP	1j1g	isocytosine	No	Cn1cnc2c(=O)[nH]c(N)nc21
GDP	1wq1	isocytosine	No	Cn1cnc2c(=O)[nH]c(N)nc21
GDP	3bb3	isocytosine	No	Cn1cnc2c(=O)[nH]c(N)nc21
GTP	3cwz	isocytosine	No	Cn1cnc2c(=O)[nH]c(N)nc21
GDP	2f7s	isocytosine	No	Cn1cnc2c(=O)[nH]c(N)nc21
G3D	1mr3	isocytosine	No	Cn1cnc2c(=O)[nH]c(N)nc21
3GP	3dh2	isocytosine	No	Cn1cnc2c(=O)[nH]c(N)nc21
3GP	3dh2	isocytosine	No	Cn1cnc2c(=O)nc(N)[nH]c21
MGD	1r27	isocytosine	No	Cn1cnc2c(=O)[nH]c(N)nc21
MGD	1r27	isocytosine	No	CC1OC2Nc3nc(N)[nH]c(=O)c3NC2C(=S)C1=S
MGD	1kqg	isocytosine	No	Cn1cnc2c(=O)[nH]c(N)nc21
MGD	1kqg	isocytosine	No	CC1OC2Nc3nc(N)[nH]c(=O)c3NC2C(=S)C1=S
GCP	2qme	isocytosine	No	Cn1cnc2c(=O)[nH]c(N)nc21
HBI	1dr3	isocytosine	No	Cc1cnc2nc(N)[nH]c(=O)c2n1
344	2bbf	isocytosine	No	Nc1nc(=O)c2cc3[nH]cnc3cc2[nH]1
MTE	1xdy	isocytosine	No	CC1OC2Nc3nc(N)[nH]c(=O)c3N=C2C(=S)C1=S
2GP	1gmp	isocytosine	No	Cn1cnc2c(=O)[nH]c(N)nc21
GTP	1qra	isocytosine	No	Cn1cnc2c(=O)[nH]c(N)nc21
GDP	1yr9	isocytosine	No	Cn1cnc2c(=O)[nH]c(N)nc21
MGD	1ti2	isocytosine	No	Cn1cnc2c(=O)[nH]c(N)nc21
MGD	1ti2	isocytosine	No	CC1OC2Nc3nc(N)[nH]c(=O)c3NC2C(=S)C1=S
GDP	1moz	isocytosine	No	Cn1cnc2c(=O)[nH]c(N)nc21
GDP	2bm1	isocytosine	No	Cn1cnc2c(=O)[nH]c(N)nc21
GDP	1rya	isocytosine	No	Cn1cnc2c(=O)[nH]c(N)nc21
GDP	1hur	isocytosine	No	Cn1cnc2c(=O)[nH]c(N)nc21
GDP	1tad	isocytosine	No	Cn1cnc2c(=O)[nH]c(N)nc21
GNP	1zc3	isocytosine	No	Cn1cnc2c(=O)[nH]c(N)nc21
C8C	2va5	isocytosine	Yes	Cc1cc(=O)nc(N)[nH]1
FON	1vrq	isocytosine	No	CC1CNc2nc(N)[nH]c(=O)c2N1C=O
DZF	2dhf	isocytosine	No	Cc1cnc2nc(N)[nH]c(=O)c2c1
GNP	1e0a	isocytosine	No	Cn1cnc2c(=O)nc(N)[nH]c21
HH2	1rao	isocytosine	No	Cc1cnc2nc(N)[nH]c(=O)c2n1
GDP	2efc	isocytosine	No	Cn1cnc2c(=O)[nH]c(N)nc21
GDP	1tub	isocytosine	No	Cn1cnc2c(=O)[nH]c(N)nc21
GDP	1xj0	isocytosine	No	Cn1cnc2c(=O)[nH]c(N)nc21
GDP	1gp2	isocytosine	No	Cn1cnc2c(=O)[nH]c(N)nc21
GNP	2rgb	isocytosine	No	Cn1cnc2c(=O)[nH]c(N)nc21
GUN	2jh8	isocytosine	No	Nc1nc(=O)c2[nH]cnc2[nH]1
GUN	2jh8	isocytosine	No	Nc1nc2nc[nH]c2c(=O)[nH]1
GDP	1cib	isocytosine	No	Cn1cnc2c(=O)[nH]c(N)nc21
GTG	3hxi	isocytosine	No	Cn1c[n+](C)c2nc(N)[nH]c(=O)c21
GTG	3hxi	isocytosine	No	Cn1cnc2c(=O)nc(N)[nH]c21
GNP	2rex	isocytosine	No	Cn1cnc2c(=O)[nH]c(N)nc21
FOL	4cd2	isocytosine	No	Cc1cnc2nc(N)[nH]c(=O)c2n1
GTP	2hxf	isocytosine	No	Cn1cnc2c(=O)[nH]c(N)nc21
5GP	1gky	isocytosine	No	Cn1cnc2c(=O)[nH]c(N)nc21
GDP	1vjj	isocytosine	No	Cn1cnc2c(=O)[nH]c(N)nc21
GDP	2pz3	isocytosine	No	Cn1cnc2c(=O)nc(N)[nH]c21
GTP	1n3t	isocytosine	No	Cn1cnc2c(=O)[nH]c(N)nc21
4HF	2fmn	isocytosine	No	CC1CNc2nc(N)[nH]c(=O)c2C1
5GP	1jxm	isocytosine	No	Cn1cnc2c(=O)[nH]c(N)nc21
GDP	3ran	isocytosine	No	Cn1cnc2c(=O)[nH]c(N)nc21
GDP	1z0a	isocytosine	No	Cn1cnc2c(=O)[nH]c(N)nc21
GDP	1z0a	isocytosine	No	Cn1cnc2c(=O)nc(N)[nH]c21
9DG	1il4	isocytosine	No	Nc1nc2cc[nH]c2c(=O)[nH]1
PQ0	1it8	isocytosine	No	N#Cc1c[nH]c2[nH]c(N)nc(=O)c12
GDP	1qf4	isocytosine	No	Cn1cnc2c(=O)[nH]c(N)nc21
GNP	3ftq	isocytosine	No	Cn1cnc2c(=O)[nH]c(N)nc21
MGD	1g8k	isocytosine	No	Cn1cnc2c(=O)[nH]c(N)nc21
MGD	1g8k	isocytosine	No	CC1OC2Nc3nc(N)[nH]c(=O)c3NC2C(=S)C1=S
GTP	1z2b	isocytosine	No	Cn1cnc2c(=O)[nH]c(N)nc21
GDP	2erx	isocytosine	No	Cn1cnc2c(=O)[nH]c(N)nc21
GDP	1aa9	isocytosine	No	Cn1cnc2c(=O)nc(N)[nH]c21
GDP	1ksz	isocytosine	No	Cn1cnc2c(=O)[nH]c(N)nc21
GDP	1vg9	isocytosine	No	Cn1cnc2c(=O)[nH]c(N)nc21
GTP	1hwx	isocytosine	No	Cn1cnc2c(=O)[nH]c(N)nc21
GNP	1he8	isocytosine	No	Cn1cnc2c(=O)[nH]c(N)nc21
GNP	1z08	isocytosine	No	Cn1cnc2c(=O)[nH]c(N)nc21
GTP	2a5f	isocytosine	No	Cn1cnc2c(=O)[nH]c(N)nc21
H4B	1kw0	isocytosine	No	CC1CNc2nc(N)[nH]c(=O)c2N1
GNP	3bb1	isocytosine	No	Cn1cnc2c(=O)[nH]c(N)nc21
GNP	1tq2	isocytosine	No	Cn1cnc2c(=O)[nH]c(N)nc21
GNP	1tq2	isocytosine	No	Cn1cnc2c(=O)nc(N)[nH]c21
H4B	1mmk	isocytosine	No	CC1CNc2nc(N)[nH]c(=O)c2N1
KT5	1rbm	isocytosine	No	Cc1c(N)nc(N)[nH]c1=O
GNP	1n6n	isocytosine	No	Cn1cnc2c(=O)[nH]c(N)nc21
GNP	1yzn	isocytosine	No	Cn1cnc2c(=O)[nH]c(N)nc21
THF	1u3g	isocytosine	No	CC1CNC2N=C(N)NC(=O)C2N1C
GTP	1gwn	isocytosine	No	Cn1cnc2c(=O)[nH]c(N)nc21
GDP	2gja	isocytosine	No	Cn1cnc2c(=O)[nH]c(N)nc21
GTP	1wdt	isocytosine	No	Cn1cnc2c(=O)[nH]c(N)nc21
GDP	3gj7	isocytosine	No	Cn1cnc2c(=O)[nH]c(N)nc21
GDP	2fmx	isocytosine	No	Cn1cnc2c(=O)[nH]c(N)nc21
9MG	1rrw	isocytosine	No	Cn1cnc2c(=O)[nH]c(N)nc21
PH2	1q0n	isocytosine	No	Cc1cnc2nc(N)[nH]c(=O)c2n1
GDP	1u90	isocytosine	No	Cn1cnc2c(=O)[nH]c(N)nc21
PGD	2dmr	isocytosine	No	Cn1cnc2c(=O)[nH]c(N)nc21
PGD	2dmr	isocytosine	No	CC1OC2Nc3nc(N)[nH]c(=O)c3NC2C(S)=C1S
FOL	1ra2	isocytosine	No	Cc1cnc2nc(N)[nH]c(=O)c2n1
GDP	1bof	isocytosine	No	Cn1cnc2c(=O)nc(N)[nH]c21
TGF	1ls3	isocytosine	No	CC1CNc2nc(N)[nH]c(=O)c2N1C=O
GNP	1nf3	isocytosine	No	Cn1cnc2c(=O)[nH]c(N)nc21
GTP	2rap	isocytosine	No	Cn1cnc2c(=O)[nH]c(N)nc21
GMP	1rfg	isocytosine	No	Cn1cnc2c(=O)[nH]c(N)nc21
GNP	1svs	isocytosine	No	Cn1cnc2c(=O)nc(N)[nH]c21
MGD	2jio	isocytosine	No	Cn1cnc2c(=O)[nH]c(N)nc21
MGD	2jio	isocytosine	No	CC1OC2Nc3nc(N)[nH]c(=O)c3NC2C(=S)C1=S
MGD	2jio	isocytosine	No	Cn1cnc2c(=O)nc(N)[nH]c21
CB3	2oip	isocytosine	No	Cc1ccc2nc(N)[nH]c(=O)c2c1
GNP	3e5h	isocytosine	No	Cn1cnc2c(=O)[nH]c(N)nc21
GTP	3edl	isocytosine	No	Cn1cnc2c(=O)[nH]c(N)nc21
GTP	2qey	isocytosine	No	Cn1cnc2c(=O)[nH]c(N)nc21
9DG	1fsg	isocytosine	No	Nc1nc2cc[nH]c2c(=O)[nH]1
GTP	3dt2	isocytosine	No	Cn1cnc2c(=O)[nH]c(N)nc21
GCP	3gei	isocytosine	No	Cn1cnc2c(=O)[nH]c(N)nc21
GNP	2q9b	isocytosine	No	Cn1cnc2c(=O)nc(N)[nH]c21
PRF	1ozq	isocytosine	No	Cc1c[nH]c2nc(N)[nH]c(=O)c12
GTP	3cnn	isocytosine	No	Cn1cnc2c(=O)[nH]c(N)nc21
GDP	2b92	isocytosine	No	Cn1cnc2c(=O)[nH]c(N)nc21
HBI	1dr1	isocytosine	No	Cc1cnc2nc(N)[nH]c(=O)c2n1
PRF	1efz	isocytosine	No	Cc1c[nH]c2nc(N)[nH]c(=O)c12
GDP	2ihb	isocytosine	No	Cn1cnc2c(=O)[nH]c(N)nc21
C2F	1xr2	isocytosine	No	CC1CNc2nc(N)[nH]c(=O)c2N1C
GNP	1r4a	isocytosine	No	Cn1cnc2c(=O)[nH]c(N)nc21
GDP	1yrb	isocytosine	No	Cn1cnc2c(=O)[nH]c(N)nc21
ANG	1lwv	isocytosine	No	Nc1nc2nc(N)[nH]c2c(=O)[nH]1
2GP	1trp	isocytosine	No	Cn1cnc2c(=O)[nH]c(N)nc21
GDP	1f6b	isocytosine	No	Cn1cnc2c(=O)[nH]c(N)nc21
M7G	2jh8	isocytosine	No	Cn1c[n+](C)c2nc(N)[nH]c(=O)c21
GDP	3cph	isocytosine	No	Cn1cnc2c(=O)[nH]c(N)nc21
GDP	1g7s	isocytosine	No	Cn1cnc2c(=O)[nH]c(N)nc21
CAG	1gnq	isocytosine	No	Cn1cnc2c(=O)[nH]c(N)nc21
GDP	1as2	isocytosine	No	Cn1cnc2c(=O)[nH]c(N)nc21
MGD	2vpx	isocytosine	No	Cn1cnc2c(=O)[nH]c(N)nc21
MGD	2vpx	isocytosine	No	CC1OC2Nc3nc(N)[nH]c(=O)c3NC2C(=S)C1=S
MGD	2vpx	isocytosine	No	CC1OC2N=c3nc(N)[nH]c(=O)c3=NC2C(=S)C1=S
2GP	1gmr	isocytosine	No	Cn1cnc2c(=O)[nH]c(N)nc21
GTP	1n3s	isocytosine	No	Cn1cnc2c(=O)[nH]c(N)nc21
GDP	1kk2	isocytosine	No	Cn1cnc2c(=O)[nH]c(N)nc21
GNP	1p2s	isocytosine	No	Cn1cnc2c(=O)[nH]c(N)nc21
8HG	3f10	isocytosine	Yes	Cn1c(=O)[nH]c2c(=O)[nH]c(N)nc21
GDP	2il1	isocytosine	No	Cn1cnc2c(=O)[nH]c(N)nc21
GDP	2b7b	isocytosine	No	Cn1cnc2c(=O)[nH]c(N)nc21
FOL	1re7	isocytosine	No	Cc1cnc2nc(N)[nH]c(=O)c2n1
C2F	2e7f	isocytosine	No	CC1CNc2nc(N)[nH]c(=O)c2N1C
GCP	2c04	isocytosine	No	Cn1cnc2c(=O)[nH]c(N)nc21
GDP	1ofu	isocytosine	No	Cn1cnc2c(=O)[nH]c(N)nc21
GDP	2j0v	isocytosine	No	Cn1cnc2c(=O)[nH]c(N)nc21
3GP	1lov	isocytosine	No	Cn1cnc2c(=O)[nH]c(N)nc21
GDP	2om2	isocytosine	No	Cn1cnc2c(=O)[nH]c(N)nc21
GTP	1o3y	isocytosine	No	Cn1cnc2c(=O)[nH]c(N)nc21
GDP	2ebc	isocytosine	No	Cn1cnc2c(=O)nc(N)[nH]c21
GDP	1jwy	isocytosine	No	Cn1cnc2c(=O)[nH]c(N)nc21
3GP	1rls	isocytosine	No	Cn1cnc2c(=O)[nH]c(N)nc21
HBI	1lrm	isocytosine	No	Cc1cnc2nc(N)[nH]c(=O)c2n1
GDP	1ia0	isocytosine	No	Cn1cnc2c(=O)[nH]c(N)nc21
2GP	1lra	isocytosine	No	Cn1cnc2c(=O)[nH]c(N)nc21
3GP	3d4a	isocytosine	No	Cn1cnc2c(=O)[nH]c(N)nc21
GTP	3hkb	isocytosine	No	Cn1cnc2c(=O)[nH]c(N)nc21
GNP	1mh1	isocytosine	No	Cn1cnc2c(=O)[nH]c(N)nc21
GDP	2oxr	isocytosine	No	Cn1cnc2c(=O)[nH]c(N)nc21
MAQ	1s38	isocytosine	No	Cc1cccc2c(=O)nc(N)[nH]c12
GNP	3c5h	isocytosine	No	Cn1cnc2c(=O)[nH]c(N)nc21
GDP	1z22	isocytosine	No	Cn1cnc2c(=O)[nH]c(N)nc21
PRF	1pxg	isocytosine	No	Cc1c[nH]c2nc(N)[nH]c(=O)c12
HBI	1wpl	isocytosine	No	Cc1cnc2nc(N)[nH]c(=O)c2n1
2GP	2bu4	isocytosine	No	Cn1cnc2c(=O)[nH]c(N)nc21
BPQ	3bll	isocytosine	No	Cc1c[nH]c2nc(N)[nH]c(=O)c12
GDP	1sa1	isocytosine	No	Cn1cnc2c(=O)[nH]c(N)nc21
GDP	1vg0	isocytosine	No	Cn1cnc2c(=O)[nH]c(N)nc21
MD1	1y5i	isocytosine	No	CC1CNc2nc(N)[nH]c(=O)c2N1
MD1	1y5i	isocytosine	No	Cn1cnc2c(=O)[nH]c(N)nc21
MD1	1y5i	isocytosine	No	CC1OC2Nc3nc(N)[nH]c(=O)c3NC2C(=S)C1=S
GDP	2fah	isocytosine	No	Cn1cnc2c(=O)[nH]c(N)nc21
MGQ	2v8x	isocytosine	No	Cn1c[n+](C)c2c(=O)[nH]c(N)nc21
5GP	2fxv	isocytosine	No	Cn1cnc2c(=O)[nH]c(N)nc21
MTE	2a99	isocytosine	No	CC1OC2Nc3nc(N)[nH]c(=O)c3NC2C(S)=C1S
P2G	2ai3	isocytosine	No	Cn1cnc2c(=O)[nH]c(N)nc21
FON	3geh	isocytosine	No	CC1CNc2nc(N)[nH]c(=O)c2N1C=O
GCP	2qrz	isocytosine	No	Cn1cnc2c(=O)[nH]c(N)nc21
FOL	1dhf	isocytosine	No	Cc1cnc2nc(N)[nH]c(=O)c2n1
GDP	3ffb	isocytosine	No	Cn1cnc2c(=O)[nH]c(N)nc21
H4M	1y60	isocytosine	No	CC1Nc2nc(N)[nH]c(=O)c2N2CN(C)C(C)C12
S79	2qzr	isocytosine	No	CCNc1nc2cc3[nH]c(N)nc(=O)c3cc2[nH]1
GDP	2wjg	isocytosine	No	Cn1cnc2c(=O)[nH]c(N)nc21
FFO	1jol	isocytosine	No	CC1C=Nc2nc(N)[nH]c(=O)c2N1C=O
2GP	1trq	isocytosine	No	Cn1cnc2c(=O)[nH]c(N)nc21
GDP	1z0f	isocytosine	No	Cn1cnc2c(=O)[nH]c(N)nc21
C2E	3hv8	isocytosine	No	Cn1cnc2c(=O)[nH]c(N)nc21
GDP	2an9	isocytosine	No	Cn1cnc2c(=O)[nH]c(N)nc21
GTP	1hwz	isocytosine	No	Cn1cnc2c(=O)[nH]c(N)nc21
GSP	1rlu	isocytosine	No	Cn1cnc2c(=O)[nH]c(N)nc21
GNP	1zw6	isocytosine	No	Cn1cnc2c(=O)[nH]c(N)nc21
GDP	2vap	isocytosine	No	Cn1cnc2c(=O)[nH]c(N)nc21
GDP	1shz	isocytosine	No	Cn1cnc2c(=O)[nH]c(N)nc21
FOL	1rx8	isocytosine	No	Cc1cnc2nc(N)[nH]c(=O)c2n1
GNP	3bh6	isocytosine	No	Cn1cnc2c(=O)[nH]c(N)nc21
8OG	1pun	isocytosine	No	Cn1c(=O)[nH]c2c(=O)nc(N)[nH]c21
MEF	3bgx	isocytosine	No	CN1CC2CNc3nc(N)[nH]c(=O)c3N2C1
GNP	1agp	isocytosine	No	Cn1cnc2c(=O)[nH]c(N)nc21
FOL	1rx7	isocytosine	No	Cc1cnc2nc(N)[nH]c(=O)c2n1
GNP	1lf0	isocytosine	No	Cn1cnc2c(=O)[nH]c(N)nc21
GDP	2gcq	isocytosine	No	Cn1cnc2c(=O)nc(N)[nH]c21
GNH	1a4r	isocytosine	No	Cn1cnc2c(=O)[nH]c(N)nc21
GDP	1tui	isocytosine	No	Cn1cnc2c(=O)[nH]c(N)nc21
MGD	1ti4	isocytosine	No	Cn1cnc2c(=O)[nH]c(N)nc21
MGD	1ti4	isocytosine	No	CC1OC2Nc3nc(N)[nH]c(=O)c3NC2C(=S)C1=S
MGD	2vpy	isocytosine	No	Cn1cnc2c(=O)[nH]c(N)nc21
MGD	2vpy	isocytosine	No	CC1OC2Nc3nc(N)[nH]c(=O)c3NC2C(=S)C1=S
MGD	2vpy	isocytosine	No	CC1OC2N=c3nc(N)[nH]c(=O)c3=NC2C(=S)C1=S
GDP	2vaw	isocytosine	No	Cn1cnc2c(=O)[nH]c(N)nc21
GTG	1mwh	isocytosine	No	Cn1c[n+](C)c2nc(N)[nH]c(=O)c21
GTG	1mwh	isocytosine	No	Cn1cnc2c(=O)nc(N)[nH]c21
GDP	1a4r	isocytosine	No	Cn1cnc2c(=O)[nH]c(N)nc21
GDP	2hxf	isocytosine	No	Cn1cnc2c(=O)[nH]c(N)nc21
2MD	2iv2	isocytosine	No	Cn1cnc2c(=O)[nH]c(N)nc21
2MD	2iv2	isocytosine	No	CC1OC2Nc3[nH]c(N)nc(=O)c3NC2C(S)C1S
GNP	2qtv	isocytosine	No	Cn1cnc2c(=O)[nH]c(N)nc21
A4P	1ex8	isocytosine	No	Cc1cnc2nc(N)[nH]c(=O)c2n1
2GP	1bu4	isocytosine	No	Cn1cnc2c(=O)[nH]c(N)nc21
FOL	7dfr	isocytosine	No	Cc1cnc2nc(N)[nH]c(=O)c2n1
MG7	4dcg	isocytosine	No	Cn1c[n+](C)c2nc(N)[nH]c(=O)c21
GNP	1n6p	isocytosine	No	Cn1cnc2c(=O)[nH]c(N)nc21
MD1	1y5l	isocytosine	No	CC1CNc2nc(N)[nH]c(=O)c2N1
MD1	1y5l	isocytosine	No	Cn1cnc2c(=O)[nH]c(N)nc21
MD1	1y5l	isocytosine	No	CC1OC2Nc3nc(N)[nH]c(=O)c3NC2C(=S)C1=S
GAV	2v0n	isocytosine	No	Cn1cnc2c(=O)[nH]c(N)nc21
GDP	1kao	isocytosine	No	Cn1cnc2c(=O)[nH]c(N)nc21
5GP	2anb	isocytosine	No	CN1CNc2c1nc(N)[nH]c2=O
GDP	2yv5	isocytosine	No	Cn1cnc2c(=O)[nH]c(N)nc21
5GP	2b8w	isocytosine	No	Cn1cnc2c(=O)[nH]c(N)nc21
MTE	1uux	isocytosine	No	CC1OC2Nc3nc(N)[nH]c(=O)c3NC2C(=S)C1=S
GNP	2rga	isocytosine	No	Cn1cnc2c(=O)[nH]c(N)nc21
GCP	2ov2	isocytosine	No	Cn1cnc2c(=O)[nH]c(N)nc21
GDP	1ds6	isocytosine	No	Cn1cnc2c(=O)[nH]c(N)nc21
H4B	2dtt	isocytosine	No	Cc1cnc2[nH]c(N)nc(=O)c2n1
H4B	2dtt	isocytosine	No	Cc1cnc2nc(N)[nH]c(=O)c2n1
5GP	2cnw	isocytosine	No	Cn1cnc2c(=O)[nH]c(N)nc21
5GP	2cnw	isocytosine	No	Cn1cnc2c(=O)nc(N)[nH]c21
2GP	1rge	isocytosine	No	Cn1cnc2c(=O)[nH]c(N)nc21
GNP	2bme	isocytosine	No	Cn1cnc2c(=O)[nH]c(N)nc21
MD1	1y4z	isocytosine	No	CC1CNc2nc(N)[nH]c(=O)c2N1
MD1	1y4z	isocytosine	No	Cn1cnc2c(=O)[nH]c(N)nc21
MD1	1y4z	isocytosine	No	CC1OC2Nc3nc(N)[nH]c(=O)c3NC2C(=S)C1=S
GDP	1q21	isocytosine	No	Cn1cnc2c(=O)[nH]c(N)nc21
C2F	3ijd	isocytosine	No	CC1CNc2nc(N)[nH]c(=O)c2N1C
C2F	3ijd	isocytosine	No	CC1CNc2[nH]c(N)nc(=O)c2N1C
GSP	1rle	isocytosine	No	Cn1cnc2c(=O)[nH]c(N)nc21
GTP	2qag	isocytosine	No	Cn1cnc2c(=O)nc(N)[nH]c21
GTP	2wmo	isocytosine	No	Cn1cnc2c(=O)[nH]c(N)nc21
GTP	1xts	isocytosine	No	Cn1cnc2c(=O)[nH]c(N)nc21
GDP	2e1r	isocytosine	No	Cn1cnc2c(=O)[nH]c(N)nc21
GDP	1qg2	isocytosine	No	Cn1cnc2c(=O)[nH]c(N)nc21
GNP	2g6b	isocytosine	No	Cn1cnc2c(=O)[nH]c(N)nc21
8IG	1c3x	isocytosine	No	Cc1nc2nc(N)[nH]c(=O)c2[nH]1
GDP	1clq	isocytosine	No	Cn1cnc2c(=O)[nH]c(N)nc21
GUN	2puf	isocytosine	No	Nc1nc2[nH]cnc2c(=O)[nH]1
GDP	2zgy	isocytosine	No	Cn1cnc2c(=O)[nH]c(N)nc21
MD1	2ivf	isocytosine	No	Cn1cnc2c(=O)[nH]c(N)nc21
MD1	2ivf	isocytosine	No	Cc1cnc2[nH]c(N)nc(=O)c2n1
GDP	1agr	isocytosine	No	Cn1cnc2c(=O)nc(N)[nH]c21
GNH	1hon	isocytosine	No	Cn1cnc2c(=O)[nH]c(N)nc21
CB3	1trg	isocytosine	No	Cc1ccc2nc(N)[nH]c(=O)c2c1
G3D	2hxs	isocytosine	No	Cn1cnc2c(=O)[nH]c(N)nc21
5GP	1sgx	isocytosine	No	Cn1cnc2c(=O)[nH]c(N)nc21
C2E	2rde	isocytosine	No	Cn1cnc2c(=O)[nH]c(N)nc21
C2E	2rde	isocytosine	No	Cn1cnc2c(=O)nc(N)[nH]c21
GDP	2hup	isocytosine	No	Cn1cnc2c(=O)[nH]c(N)nc21
GTP	3hkc	isocytosine	No	Cn1cnc2c(=O)[nH]c(N)nc21
GTP	2bku	isocytosine	No	Cn1cnc2c(=O)[nH]c(N)nc21
MS1	1oz0	isocytosine	No	Cc1ccc2[nH]c(N)nc(=O)c2n1
BHB	1q65	isocytosine	No	Cc1cc(N)cc2c(=O)nc(N)[nH]c12
GDP	1zca	isocytosine	No	Cn1cnc2c(=O)[nH]c(N)nc21
GDP	2aed	isocytosine	No	Cn1cnc2c(=O)[nH]c(N)nc21
GDP	3gee	isocytosine	No	Cn1cnc2c(=O)[nH]c(N)nc21
MHF	2j4d	isocytosine	No	CN1CC2CNc3nc(N)[nH]c(=O)c3N2C1
FON	1qd1	isocytosine	Yes	CC1CNc2[nH]c(N)nc(=O)c2N1C
2GP	1bir	isocytosine	No	Cn1cnc2c(=O)[nH]c(N)nc21
FON	1kl2	isocytosine	No	CC1C=Nc2nc(N)[nH]c(=O)c2N1C=O
GTP	2uzi	isocytosine	No	Cn1cnc2c(=O)[nH]c(N)nc21
MTE	2a9a	isocytosine	No	CC1OC2Nc3nc(N)[nH]c(=O)c3NC2C(S)=C1S
TPG	1xk5	isocytosine	No	Cn1cnc2c(=O)[nH]c(N)nc21
GNP	1yzt	isocytosine	No	Cn1cnc2c(=O)[nH]c(N)nc21
PGD	1h5n	isocytosine	No	Cn1cnc2c(=O)[nH]c(N)nc21
PGD	1h5n	isocytosine	No	CC1OC2Nc3nc(N)[nH]c(=O)c3NC2C(S)=C1S
GDP	1g4u	isocytosine	No	Cn1cnc2c(=O)[nH]c(N)nc21
5GP	1g9t	isocytosine	No	Cn1cnc2c(=O)[nH]c(N)nc21
2GP	1fys	isocytosine	No	Cn1cnc2c(=O)nc(N)[nH]c21
GPG	2rnt	isocytosine	No	Cn1cnc2c(=O)[nH]c(N)nc21
GPG	2rnt	isocytosine	No	Cn1cnc2c(=O)nc(N)[nH]c21
GDP	2npf	isocytosine	No	Cn1cnc2c(=O)[nH]c(N)nc21
GDP	3cpj	isocytosine	No	Cn1cnc2c(=O)[nH]c(N)nc21
H4B	1mmt	isocytosine	No	CC1CNc2nc(N)[nH]c(=O)c2N1
GDP	1juy	isocytosine	No	Cn1cnc2c(=O)[nH]c(N)nc21
GDP	1xd2	isocytosine	No	Cn1cnc2c(=O)[nH]c(N)nc21
NE8	1y5v	isocytosine	No	Cc1c2nc[nH]c2cc2c(=O)nc(N)[nH]c12
GTP	1w5b	isocytosine	No	Cn1cnc2c(=O)[nH]c(N)nc21
BRG	1lww	isocytosine	Yes	Cc1nc2nc(N)[nH]c(=O)c2[nH]1
GNP	221p	isocytosine	No	Cn1cnc2c(=O)[nH]c(N)nc21
3GP	1rms	isocytosine	No	Cn1cnc2c(=O)[nH]c(N)nc21
GDP	2dyk	isocytosine	No	Cn1cnc2c(=O)[nH]c(N)nc21
GDP	1ffx	isocytosine	No	Cn1cnc2c(=O)[nH]c(N)nc21
PH2	1f9h	isocytosine	No	Cc1cnc2nc(N)[nH]c(=O)c2n1
2PH	1aj2	isocytosine	No	Cc1cnc2nc(N)[nH]c(=O)c2n1
87Y	1dy3	isocytosine	No	CC1=Nc2c(nc(N)[nH]c2=O)NC1(C)C
GUN	2jh9	isocytosine	No	Nc1nc(=O)c2[nH]cnc2[nH]1
GUN	2jh9	isocytosine	No	Nc1nc(=O)c2nc[nH]c2[nH]1
GNP	1exm	isocytosine	No	Cn1cnc2c(=O)[nH]c(N)nc21
C2E	3gfy	isocytosine	No	Cn1cnc2c(=O)[nH]c(N)nc21
DHF	1tys	isocytosine	No	CC1=Nc2c(nc(N)[nH]c2=O)NC1
GP5	2bbw	isocytosine	No	Cn1cnc2c(=O)[nH]c(N)nc21
GP5	2bbw	isocytosine	No	Cn1cnc2c(=O)nc(N)[nH]c21
GNP	1ibr	isocytosine	No	Cn1cnc2c(=O)[nH]c(N)nc21
GTP	2j59	isocytosine	No	Cn1cnc2c(=O)[nH]c(N)nc21
GDP	1zvq	isocytosine	No	Cn1cnc2c(=O)[nH]c(N)nc21
GDP	2v40	isocytosine	No	Cn1cnc2c(=O)[nH]c(N)nc21
2GP	1rhl	isocytosine	No	Cn1cnc2c(=O)[nH]c(N)nc21
CAG	2evw	isocytosine	No	Cn1cnc2c(=O)[nH]c(N)nc21
GNP	2ywf	isocytosine	No	Cn1cnc2c(=O)[nH]c(N)nc21
GDP	1u0l	isocytosine	No	Cn1cnc2c(=O)[nH]c(N)nc21
GDP	2iez	isocytosine	No	Cn1cnc2c(=O)[nH]c(N)nc21
GTP	2hv8	isocytosine	No	Cn1cnc2c(=O)[nH]c(N)nc21
CB3	2fto	isocytosine	No	Cc1ccc2nc(N)[nH]c(=O)c2c1
GDP	1kv3	isocytosine	No	Cn1cnc2c(=O)[nH]c(N)nc21
C2E	3gfz	isocytosine	No	Cn1cnc2c(=O)[nH]c(N)nc21
GDP	1cg0	isocytosine	No	Cn1cnc2c(=O)[nH]c(N)nc21
GNP	2ke5	isocytosine	No	Cn1cnc2c(=O)[nH]c(N)nc21
GNP	3eg5	isocytosine	No	Cn1cnc2c(=O)[nH]c(N)nc21
2GP	1i2g	isocytosine	No	Cn1cnc2c(=O)[nH]c(N)nc21
GDP	1rrg	isocytosine	No	Cn1cnc2c(=O)[nH]c(N)nc21
5GP	1t9s	isocytosine	No	Cn1cnc2c(=O)[nH]c(N)nc21
CB3	3dl6	isocytosine	No	Cc1ccc2nc(N)[nH]c(=O)c2c1
GDP	2b6h	isocytosine	No	Cn1cnc2c(=O)[nH]c(N)nc21
GNH	2efe	isocytosine	No	Cn1cnc2c(=O)[nH]c(N)nc21
GNP	1yu9	isocytosine	No	Cn1cnc2c(=O)[nH]c(N)nc21
2GP	1hz1	isocytosine	No	Cn1cnc2c(=O)[nH]c(N)nc21
FFO	2vmy	isocytosine	No	CC1CNc2nc(N)[nH]c(=O)c2N1C=O
GDP	2z95	isocytosine	No	Cn1cnc2c(=O)[nH]c(N)nc21
MG7	1eqa	isocytosine	Yes	Cn1c[n+](C)c2[nH]c(N)nc(=O)c21
PGD	1dms	isocytosine	No	Cn1cnc2c(=O)[nH]c(N)nc21
PGD	1dms	isocytosine	No	CC1OC2Nc3nc(N)[nH]c(=O)c3NC2C(=S)C1=S
M7G	1ejh	isocytosine	No	Cn1c[n+](C)c2nc(N)[nH]c(=O)c21
GDP	1crp	isocytosine	No	Cn1cnc2c(=O)[nH]c(N)nc21
GUN	1yqq	isocytosine	No	Nc1nc2nc[nH]c2c(=O)[nH]1
PGD	3dmr	isocytosine	No	Cn1cnc2c(=O)[nH]c(N)nc21
PGD	3dmr	isocytosine	No	CC1OC2Nc3nc(N)[nH]c(=O)c3NC2C(S)=C1S
BGU	2z7k	isocytosine	No	Nc1nc2cc3[nH]c(N)nc(=O)c3cc2[nH]1
MGD	1ti6	isocytosine	No	Cn1cnc2c(=O)[nH]c(N)nc21
MGD	1ti6	isocytosine	No	CC1OC2Nc3nc(N)[nH]c(=O)c3NC2C(=S)C1=S
2GP	2aad	isocytosine	No	Cn1cnc2c(=O)[nH]c(N)nc21
GTP	1svw	isocytosine	No	Cn1cnc2c(=O)[nH]c(N)nc21
GDP	1yzg	isocytosine	No	Cn1cnc2c(=O)[nH]c(N)nc21
SGP	1rsn	isocytosine	No	Cn1cnc2c(=O)[nH]c(N)nc21
GMP	1ih7	isocytosine	No	Cn1cnc2c(=O)[nH]c(N)nc21
GNP	1yzk	isocytosine	No	Cn1cnc2c(=O)[nH]c(N)nc21
GCP	2odb	isocytosine	No	Cn1cnc2c(=O)[nH]c(N)nc21
GDP	2gjs	isocytosine	No	Cn1cnc2c(=O)[nH]c(N)nc21
FOL	1rb2	isocytosine	No	Cc1cnc2nc(N)[nH]c(=O)c2n1
MGD	1aa6	isocytosine	No	Cn1cnc2c(=O)[nH]c(N)nc21
MGD	1aa6	isocytosine	No	CC1OC2Nc3nc(N)[nH]c(=O)c3NC2C(=S)C1=S
MGD	1aa6	isocytosine	No	CC1OC2Nc3[nH]c(N)nc(=O)c3NC2C(=S)C1=S
MGD	1aa6	isocytosine	No	Cn1cnc2c(=O)nc(N)[nH]c21
M7G	1v39	isocytosine	No	Cn1c[n+](C)c2nc(N)[nH]c(=O)c21
GDP	3edl	isocytosine	No	Cn1cnc2c(=O)[nH]c(N)nc21
GNP	3a1u	isocytosine	No	Cn1cnc2c(=O)[nH]c(N)nc21
IMG	1b8n	isocytosine	No	Cc1c[nH]c2c(=O)[nH]c(N)nc12
PQ0	2qii	isocytosine	No	N#Cc1c[nH]c2[nH]c(N)nc(=O)c12
MGP	1ipc	isocytosine	No	Cn1c[n+](C)c2nc(N)[nH]c(=O)c21
THF	2tdd	isocytosine	No	CC1CN=C2N=C(N)NC(O)=C2N1C
GNP	2zgz	isocytosine	No	Cn1cnc2c(=O)[nH]c(N)nc21
MTE	1xdq	isocytosine	No	CC1OC2Nc3nc(N)[nH]c(=O)c3N=C2C(=S)C1=S
MTE	2e1q	isocytosine	No	CC1OC2Nc3nc(N)[nH]c(=O)c3NC2C(=S)C1=S
MGD	1ogy	isocytosine	No	Cn1cnc2c(=O)[nH]c(N)nc21
MGD	1ogy	isocytosine	No	CC1OC2Nc3nc(N)[nH]c(=O)c3NC2C(=S)C1=S
MGD	1ogy	isocytosine	No	CC1OC2Nc3[nH]c(N)nc(=O)c3NC2C(=S)C1=S
MHF	2ijg	isocytosine	No	CN1CC2CNc3nc(N)[nH]c(=O)c3N2C1
GDP	4q21	isocytosine	No	Cn1cnc2c(=O)nc(N)[nH]c21
FOL	1drf	isocytosine	No	Cc1cnc2nc(N)[nH]c(=O)c2n1
GDP	3cx6	isocytosine	No	Cn1cnc2c(=O)[nH]c(N)nc21
GDP	1fnm	isocytosine	No	Cn1cnc2c(=O)[nH]c(N)nc21
GUN	2o74	isocytosine	No	Nc1nc(=O)c2[nH]cnc2[nH]1
GUN	2o74	isocytosine	No	Nc1nc2nc[nH]c2c(=O)[nH]1
GNP	3rab	isocytosine	No	Cn1cnc2c(=O)[nH]c(N)nc21
GDP	2gf0	isocytosine	No	Cn1cnc2c(=O)[nH]c(N)nc21
GNP	1ryh	isocytosine	No	Cn1cnc2c(=O)[nH]c(N)nc21
PSB	1rsd	isocytosine	No	Cn1nc2nc(N)[nH]c(=O)c2n1
GDP	2qag	isocytosine	No	Cn1cnc2c(=O)[nH]c(N)nc21
537	1pmv	indazole	No	O=C1c2ccccc2-c2n[nH]c3cccc1c23
ABO	2c3k	indazole	No	Cc1ccc2c(C)n[nH]c2c1
SS4	2uzw	indazole	No	Cc1ccc2[nH]nc(C)c2c1
EZR	3ezr	indazole	No	Cc1ccc2c(C)n[nH]c2c1
EZR	3ezr	indazole	No	Cc1ccc2c(C)[nH]nc2c1
5NI	1m9q	indazole	No	O=[N+]([O-])c1ccc2n[nH]cc2c1
INE	1d0o	indazole	No	Cc1n[nH]c2c([N+](=O)[O-])cccc12
7NI	1m9k	indazole	No	O=[N+]([O-])c1cccc2cn[nH]c12
740	2r64	indazole	No	CCC(=O)Nc1n[nH]c2ccc(C)cc12
QIG	3gxl	indazole	No	Cc1nc(Nc2ccc3[nH]ncc3c2)c2ccccc2n1
L20	2uzu	indazole	No	Cc1ccc2[nH]nc(C)c2c1
537	2zmd	indazole	No	O=C1c2ccccc2-c2n[nH]c3cccc1c23
422	2hxl	indazole	No	Cc1n[nH]c2cc(C#N)ccc12
6NI	1m9m	indazole	No	O=[N+]([O-])c1ccc2cn[nH]c2c1
7NI	1m8e	indazole	No	O=[N+]([O-])c1cccc2cn[nH]c12
SS5	2uzv	indazole	No	Cc1ccc2[nH]nc(C)c2c1
LZ1	2vta	indazole	No	c1ccc2[nH]ncc2c1
EZV	3ezv	indazole	No	Cc1ccc2c(C)n[nH]c2c1
M22	3c6u	indazole	No	Cc1n[nH]c2ccccc12
710	2hog	indazole	No	Cc1ccc2c(C)n[nH]c2c1
IDZ	2c3l	indazole	No	Cc1n[nH]c2ccccc12
AIZ	2b1p	indazole	No	Cc1n[nH]c2cc(Nc3ccccc3Cl)ccc12
INE	1m9t	indazole	No	Cc1n[nH]c2c([N+](=O)[O-])cccc12
INE	1d0c	indazole	No	Cc1n[nH]c2c([N+](=O)[O-])cccc12
35F	3e7o	indazole	No	Cc1ccc2[nH]nc(C)c2c1
2PY	2oh0	indazole	No	Cc1ccc2[nH]ncc2c1
EZV	3f5x	indazole	No	Cc1ccc2c(C)n[nH]c2c1
KN2	2qa6	indazole	No	Cc1n[nH]c2cc(O)ccc12
537	1uki	indazole	No	O=C1c2ccccc2-c2n[nH]c3cccc1c23
6NI	1m8h	indazole	No	O=[N+]([O-])c1ccc2cn[nH]c2c1
SS3	2uzt	indazole	No	Cc1ccc2[nH]nc(C)c2c1
GD9	3dbs	indazole	No	Cc1cccc2[nH]ncc12
L20	2jdr	indazole	No	Cc1ccc2[nH]nc(C)c2c1
LZ3	2vti	indazole	No	NS(=O)(=O)c1ccc(NC(=O)c2n[nH]c3ccccc23)cc1
IBM	2yy2	hypoxantine	No	Cn1c(=O)c2[nH]cnc2n(C)c1=O
URC	2yzb	hypoxantine	No	O=c1[nH]c(=O)c2nc(O)[nH]c2[nH]1
IBM	3dyl	hypoxantine	No	Cn1c(=O)c2nc[nH]c2n(C)c1=O
HPA	1bdh	hypoxantine	No	O=c1[nH]cnc2[nH]cnc12
IBM	3dys	hypoxantine	No	Cn1c(=O)c2nc[nH]c2n(C)c1=O
HPA	1qpz	hypoxantine	No	O=c1[nH]cnc2[nH]cnc12
HPA	2pud	hypoxantine	No	O=c1[nH]cnc2[nH]cnc12
GUN	1sql	hypoxantine	No	Nc1nc2nc[nH]c2c(=O)[nH]1
GUN	1sql	hypoxantine	No	Nc1nc2[nH]cnc2c(=O)[nH]1
GUN	2jhc	hypoxantine	No	Nc1nc(=O)c2[nH]cnc2[nH]1
IBM	2hd1	hypoxantine	Yes	Cn1c(=O)c2[nH]cnc2n(C)c1=O
URC	3bjp	hypoxantine	No	O=c1[nH]c(=O)c2[nH]c(=O)[nH]c2[nH]1
HPA	1jft	hypoxantine	No	O=c1[nH]cnc2nc[nH]c12
8IG	1c3x	hypoxantine	No	Cc1nc2nc(N)[nH]c(=O)c2[nH]1
GUN	2puf	hypoxantine	No	Nc1nc2[nH]cnc2c(=O)[nH]1
GUN	1ulb	hypoxantine	No	Nc1nc2nc[nH]c2c(=O)[nH]1
URC	2e3t	hypoxantine	No	O=c1[nH]c(=O)c2[nH]c(=O)[nH]c2[nH]1
GUN	1a95	hypoxantine	Yes	Nc1nc2nc[nH]c2c(=O)[nH]1
IBM	1rkp	hypoxantine	Yes	Cn1c(=O)c2[nH]cnc2n(C)c1=O
URC	1l5s	hypoxantine	No	O=c1[nH]c(=O)c2[nH]c(=O)[nH]c2[nH]1
GUN	2jh8	hypoxantine	No	Nc1nc(=O)c2[nH]cnc2[nH]1
GUN	2jh8	hypoxantine	No	Nc1nc2nc[nH]c2c(=O)[nH]1
HPA	1vfn	hypoxantine	Yes	O=c1[nH]cnc2nc[nH]c12
GUN	1wet	hypoxantine	No	Nc1nc(=O)c2nc[nH]c2[nH]1
GUN	2jhp	hypoxantine	No	Nc1nc(=O)c2nc[nH]c2[nH]1
XAN	1yr3	hypoxantine	Yes	O=c1[nH]c(=O)c2[nH]cnc2[nH]1
HPA	1qp7	hypoxantine	No	O=c1nc[nH]c2[nH]cnc12
XAN	2uz9	hypoxantine	No	O=c1[nH]c(=O)c2nc[nH]c2[nH]1
GUN	1yqu	hypoxantine	Yes	Nc1nc2nc[nH]c2c(=O)[nH]1
IBM	3dyq	hypoxantine	Yes	Cn1c(=O)c2[nH]cnc2n(C)c1=O
HPA	1bdi	hypoxantine	No	O=c1nc[nH]c2[nH]cnc12
HPA	2w3r	hypoxantine	No	O=c1nc[nH]c2nc[nH]c12
HPA	2w3r	hypoxantine	No	O=c1nc[nH]c2[nH]cnc12
GUN	1yqq	hypoxantine	Yes	Nc1nc2nc[nH]c2c(=O)[nH]1
HPA	1jh9	hypoxantine	No	O=c1[nH]cnc2[nH]cnc12
GUN	1xt4	hypoxantine	No	Nc1nc2nc[nH]c2c(=O)[nH]1
GUN	2jha	hypoxantine	No	Nc1nc(=O)c2[nH]cnc2[nH]1
GUN	2jha	hypoxantine	No	Nc1nc(=O)c2nc[nH]c2[nH]1
ANG	1lwv	hypoxantine	Yes	Nc1nc2nc(N)[nH]c2c(=O)[nH]1
IBM	3dy8	hypoxantine	Yes	Cn1c(=O)c2[nH]cnc2n(C)c1=O
HPA	3fnq	hypoxantine	Yes	O=c1[nH]cnc2nc[nH]c12
HPA	3fnq	hypoxantine	Yes	O=c1[nH]cnc2c1NCN2
HPA	2pug	hypoxantine	No	O=c1[nH]cnc2[nH]cnc12
HPA	1zay	hypoxantine	No	O=c1[nH]cnc2nc[nH]c12
HPA	1pnr	hypoxantine	No	O=c1nc[nH]c2[nH]cnc12
HPA	1a9t	hypoxantine	Yes	O=c1[nH]cnc2nc[nH]c12
HPA	1a9r	hypoxantine	Yes	O=c1[nH]cnc2nc[nH]c12
HPA	1qqa	hypoxantine	No	O=c1nc[nH]c2nc[nH]c12
IBM	3itu	hypoxantine	Yes	Cn1c(=O)c2[nH]cnc2n(C)c1=O
IBM	3itu	hypoxantine	Yes	Cn1c(=O)c2nc[nH]c2n(C)c1=O
GUN	1it7	hypoxantine	No	Nc1nc(=O)c2nc[nH]c2[nH]1
GUN	1vmk	hypoxantine	Yes	Nc1nc2nc[nH]c2c(=O)[nH]1
XAN	3eub	hypoxantine	No	O=c1[nH]c(=O)c2nc[nH]c2[nH]1
HPA	1vpw	hypoxantine	No	O=c1nc[nH]c2nc[nH]c12
GUN	1d6a	hypoxantine	No	Nc1nc(=O)c2nc[nH]c2[nH]1
IBM	1soj	hypoxantine	Yes	Cn1c(=O)c2[nH]cnc2n(C)c1=O
IBM	1soj	hypoxantine	Yes	Cn1c(=O)c2nc[nH]c2n(C)c1=O
XAN	2w3s	hypoxantine	No	O=c1[nH]c(=O)c2nc[nH]c2[nH]1
BRG	1lww	hypoxantine	Yes	Cc1nc2nc(N)[nH]c(=O)c2[nH]1
H33	2uy3	hypoxantine	Yes	Cn1c(=O)c2[nH]c(Cl)nc2n(C)c1=O
XAN	1a96	hypoxantine	Yes	O=c1[nH]c(=O)c2[nH]cnc2[nH]1
HPA	1a9q	hypoxantine	Yes	O=c1[nH]cnc2nc[nH]c12
HPA	1jfs	hypoxantine	No	O=c1nc[nH]c2[nH]cnc12
HPA	1qp0	hypoxantine	No	O=c1nc[nH]c2[nH]cnc12
GUN	2o74	hypoxantine	Yes	Nc1nc(=O)c2[nH]cnc2[nH]1
GUN	2o74	hypoxantine	Yes	Nc1nc2nc[nH]c2c(=O)[nH]1
GUN	2puc	hypoxantine	No	Nc1nc2[nH]cnc2c(=O)[nH]1
HPA	1qqb	hypoxantine	No	O=c1[nH]cnc2[nH]cnc12
GUN	2jh9	hypoxantine	No	Nc1nc(=O)c2[nH]cnc2[nH]1
GUN	2jh9	hypoxantine	No	Nc1nc(=O)c2nc[nH]c2[nH]1
HPA	1qp4	hypoxantine	No	O=c1nc[nH]c2nc[nH]c12
ADE	2h8g	adenine	Yes	Nc1ncnc2nc[nH]c12
ADE	2pub	adenine	No	Nc1ncnc2[nH]cnc12
ADE	1mud	adenine	Yes	Nc1ncnc2nc[nH]c12
ADE	1j1r	adenine	Yes	Nc1ncnc2nc[nH]c12
ADE	1qd2	adenine	Yes	Nc1ncnc2nc[nH]c12
ADE	1d2a	adenine	No	Nc1ncnc2[nH]cnc12
ADE	1cb0	adenine	Yes	Nc1ncnc2nc[nH]c12
ADE	2qlu	adenine	No	Nc1ncnc2[nH]cnc12
ADE	2ga4	adenine	Yes	Nc1ncnc2nc[nH]c12
FXG	3daj	adenine	No	CCNc1ncnc2[nH]cnc12
ADE	1nli	adenine	Yes	Nc1ncnc2nc[nH]c12
ZEA	3c0v	adenine	Yes	CCNc1ncnc2nc[nH]c12
ZEA	3c0v	adenine	Yes	CCNc1ncnc2[nH]cnc12
ADE	1m2t	adenine	Yes	Nc1ncnc2nc[nH]c12
ZIP	1w1q	adenine	No	CCNc1ncnc2[nH]cnc12
M1A	1b42	adenine	Yes	C[n+]1cnc2nc[nH]c2c1N
ADE	3e9r	adenine	No	Nc1ncnc2[nH]cnc12
ZYV	2wmv	adenine	No	Cc1ncnc2[nH]cnc12
ADE	2qtt	adenine	Yes	Nc1ncnc2nc[nH]c12
ADE	2p8n	adenine	Yes	Nc1ncnc2nc[nH]c12
ADE	1q8y	adenine	No	Nc1ncnc2nc[nH]c12
ADE	2qes	adenine	Yes	Nc1ncnc2nc[nH]c12
ADE	1lpd	adenine	No	Nc1ncnc2nc[nH]c12
ADE	1giu	adenine	Yes	Nc1ncnc2nc[nH]c12
ADE	1ifs	adenine	Yes	Nc1ncnc2nc[nH]c12
ADE	2pqj	adenine	Yes	Nc1ncnc2nc[nH]c12
ADE	2pqj	adenine	Yes	Nc1ncnc2[nH]cnc12
ADE	1jys	adenine	No	Nc1ncnc2nc[nH]c12
H35	2uy5	adenine	No	CCNc1ncnc2[nH]cnc12
ADE	2qet	adenine	Yes	Nc1ncnc2nc[nH]c12
ADE	1qci	adenine	Yes	Nc1ncnc2nc[nH]c12
ZEA	1w1r	adenine	No	CCNc1ncnc2[nH]cnc12
ADE	1wta	adenine	Yes	Nc1ncnc2nc[nH]c12
ADE	1jh8	adenine	No	Nc1ncnc2[nH]cnc12
ZYU	2wmu	adenine	No	Cc1ncnc2[nH]cnc12
ZIP	2exm	adenine	No	CCNc1ncnc2[nH]cnc12
ADE	1z5n	adenine	Yes	Nc1ncnc2nc[nH]c12
A2F	3gb9	adenine	Yes	Nc1nc(F)nc2nc[nH]c12
A2F	3gb9	adenine	Yes	Nc1nc(F)nc2[nH]cnc12
ADE	1aha	adenine	Yes	Nc1ncnc2nc[nH]c12
ADE	2pue	adenine	No	Nc1ncnc2[nH]cnc12
ZEA	2flh	adenine	Yes	CCNc1ncnc2nc[nH]c12
ZEA	2flh	adenine	Yes	CCNc1ncnc2[nH]cnc12
994	2p2h	4-aminopyrimidine	No	Cc1cccnc1Nc1ccccc1
328	3eai	4-aminopyrimidine	No	Cc1ccnc(NC2CCN(C(=O)c3ccc(C#N)cc3)CC2)c1
MUH	2osc	4-aminopyrimidine	No	Cc1cccc(C(=O)Nc2ccc(C)c(Nc3ncccc3C)c2)c1
3FR	3dbd	4-aminopyrimidine	No	Cc1nn(C)c2cc(NC(C)C)ncc12
AT2	3e7m	4-aminopyrimidine	No	COC(=O)N1CCC(Nc2cc(C)ccn2)CC1
5FR	3dbf	4-aminopyrimidine	No	Cc1cc(C(=O)NC2CCN(C)CC2)ccc1Nc1cc2c(cn1)c(C)nn2C
QGG	2vnt	4-aminopyrimidine	No	N=C(N)Nc1ncc(Cl)c2ccc(S(=O)(=O)N3CCCC3C(=O)O)cc12
G6G	3g6g	4-aminopyrimidine	No	Cc1ccc(C(=O)Nc2ccc(C)c(Nc3ncccc3C)c2)cc1
G6H	3g6h	4-aminopyrimidine	No	Cc1cccc(C(=O)Nc2ccc(C)c(Nc3ncccc3C)c2)c1
CBQ	1t1s	4-aminopyrimidine	No	CNc(nc1)ccc1Cl
2FR	3dbc	4-aminopyrimidine	No	Cc1nn(C)c2cc(NC(C)C)ncc12
4FR	3dbe	4-aminopyrimidine	No	Cc1cc(C(=O)NC2CCN(C)CC2)ccc1Nc1cc2c(cn1)c(C)nn2C
A11	3e6l	4-aminopyrimidine	No	COC(=O)N1CCC(Nc2cc(Cl)ccn2)CC1
AT2	3e7g	4-aminopyrimidine	No	COC(=O)N1CCC(Nc2cc(C)ccn2)CC1
AT2	3e7s	4-aminopyrimidine	No	COC(=O)N1CCC(Nc2cc(C)ccn2)CC1
RAJ	3be2	4-aminopyrimidine	No	Cc1cc(C)cc(NC(=O)c2ccc(C)c(Nc3ncccc3C)c2)c1
1FR	3db8	4-aminopyrimidine	No	Cc1noc2cnc(NC(C)C)cc12
RAJ	2oo8	4-aminopyrimidine	No	Cc1cc(C)cc(NC(=O)c2ccc(C)c(Nc3ncccc3C)c2)c1
G44	2pks	4-aminopyrimidine	Yes	CCNc1cc(C(=O)c2cccc(C)c2)ccn1
TBO	1uwb	2-thioimidazole	No	CC1Cn2c(=S)[nH]c3ccc(Cl)c(c32)CN1C
TBO	1hnv	2-thioimidazole	No	CC1Cn2c(=S)[nH]c3ccc(Cl)c(c32)CN1C
TB9	1tvr	2-thioimidazole	No	CC1Cn2c(=S)[nH]c3cc(Cl)cc(c32)CN1C
TB9	1rev	2-thioimidazole	No	CC1Cn2c(=S)[nH]c3cc(Cl)cc(c32)CN1C
12C	2gdo	2-pyridone	No	Cc1c(NC2CN3CCC2CC3)c2cc(Cl)ccc2[nH]c1=O
P34	2q6m	2-pyridone	No	CCC(=O)Nc1ccc2[nH]c(=O)c3ccccc3c2c1
P34	1xk9	2-pyridone	No	CCC(=O)Nc1ccc2[nH]c(=O)c3ccccc3c2c1
G3E	3g3e	2-pyridone	No	O=c1[nH]c2ccccc2cc1O
H20	1tl3	2-pyridone	No	Cc1c(C)c2cc(Cl)ccc2[nH]c1=O
BMI	2oj9	2-pyridone	No	CCNc1cc[nH]c(=O)c1C
OCH	1z03	2-pyridone	No	O=c1ccc2ccccc2[nH]1
AT5	2acz	2-pyridone	Yes	Cc1[nH]c(=O)c(C(=O)C(C)C)c(O)c1C
H18	1tl1	2-pyridone	No	Cc1c(S(=O)C2CCCCC2)c2cc(Cl)ccc2[nH]c1=O
357	2ban	2-pyridone	No	Cc1[nH]c(=O)c(C)c(C)c1C
LGD	2hvc	2-pyridone	No	Cc1ccc2[nH]c(=O)cc(C)c2c1
P34	3gey	2-pyridone	Yes	CCC(=O)Nc1ccc2[nH]c(=O)c3ccccc3c2c1
M54	2r0u	2-pyridone	No	Cc1ccc2c(C)cc3c(C)c[nH]c(=O)c3c2c1
E10	1h22	2-pyridone	No	CCNC1CCCc2[nH]c(=O)ccc21
6C3	2i0v	2-pyridone	No	Cc1c(C)c2cc(Cl)ccc2[nH]c1=O
VRV	2obj	2-pyridone	No	Cc1cc(C)c(C#N)c(=O)[nH]1
P34	3ce0	2-pyridone	No	CCC(=O)Nc1ccc2[nH]c(=O)c3ccccc3c2c1
GWB	1tkx	2-pyridone	No	Cc1c(C)c2cc(F)ccc2[nH]c1=O
H12	1tkt	2-pyridone	No	Cc1c(C)c2cc(Cl)ccc2[nH]c1=O
GIN	2hz0	2-pyridone	No	Cc1ccc(=O)[nH]c1
R22	2be2	2-pyridone	No	Cc1[nH]c(=O)c(C)c(C)c1C
3AC	2b5j	2-pyridone	No	Cc1[nH]c(=O)c(C)c(C)c1C
373	2hxq	2-pyridone	No	Cc1cc2ccccc2[nH]c1=O
E12	1h23	2-pyridone	No	CCNC1CCCc2[nH]c(=O)ccc21
MGO	2v8w	2-pyridone	No	Cn1c[n+](C)c2cc(N)[nH]c(=O)c21
HFS	2etk	2-pyridone	No	O=c1[nH]ccc2c(S(=O)(=O)N3CCCNCC3)cccc12
306	2hy0	2-pyridone	No	Cc1ccc2[nH]c(=O)c(C)cc2c1
H16	1tkz	2-pyridone	No	Cc1c(C)c2cc(Cl)ccc2[nH]c1=O
BRK	2izr	2-aminothiazole	No	Cc1ccc(Nc2nc(N)c(C(=O)c3ccc(C)cc3)s2)cc1
1N1	3g5d	2-aminothiazole	No	Cc1cc(Nc2ncc(C(=O)Nc3c(C)cccc3Cl)s2)nc(C)n1
ZYS	2wms	2-aminothiazole	No	CC(C)(C)Nc1nc(N)c(C(=O)c2ccccc2)s1
FRS	3db6	2-aminothiazole	No	Cc1cc(N/C(O)=N/c2ncc(C)s2)c(C)o1
F32	2cnf	2-aminothiazole	No	CC(C)Nc1nc2ccccc2s1
304	3bx5	2-aminothiazole	No	CNC(=O)c1ccc(C)c(NC(=O)c2cnc(NC(C)C)s2)c1
U73	2btr	2-aminothiazole	No	CCC(=O)Nc1ncc(C)s1
BRQ	2izs	2-aminothiazole	No	Nc1nc(Nc2cccc(Cl)c2)sc1C(=O)c1ccc(F)cc1
1N1	2zva	2-aminothiazole	No	Cc1cc(Nc2ncc(C(=O)Nc3c(C)cccc3Cl)s2)nc(C)n1
U32	2bts	2-aminothiazole	No	Cc1cnc(Nc2ccc(S(N)(=O)=O)cc2)s1
CQU	3cqu	1,2,4-triazole	No	Cc1nnc(C)[nH]1
L03	1wbg	1,2,4-triazole	No	Cc1nnc(C)[nH]1
DT2	2c6k	1,2,4-triazole	No	NS(=O)(=O)c1ccc(Nc2cc(NC3CCCCC3)nc3ncnn23)cc1
DKI	2j51	1,2,4-triazole	No	Nc1nc(Nc2ccc(S(N)(=O)=O)cc2)nn1C(=S)Nc1c(F)cccc1F
DKI	2wu6	1,2,4-triazole	No	Nc1nc(Nc2ccc(S(N)(=O)=O)cc2)nn1C(=S)Nc1c(F)cccc1F
DKI	3hmi	1,2,4-triazole	No	Nc1nc(Nc2ccc(S(N)(=O)=O)cc2)nn1C(=S)Nc1c(F)cccc1F
501	1zgv	1,2,4-triazole	No	CCNc1cc(C)nc2nc(Nc3cc(Cl)ccc3C)nn12
FRS	3db6	1,2,4-triazole	No	CCNc1cc(Nc2nc[nH]n2)ncn1
35F	3e7o	1,2,4-triazole	No	Cc1nnc[nH]1
35F	3e7o	1,2,4-triazole	No	Cc1ncn[nH]1
GTC	3gtc	1,2,4-triazole	No	Cc1n[nH]c(=S)[nH]1
GTC	3gtc	1,2,4-triazole	No	Cc1nc(S)n[nH]1
DT1	2c6i	1,2,4-triazole	Yes	Cc1cc(Nc2ccc(S(N)(=O)=O)cc2)n2ncnc2n1
G15	2j94	1,2,4-triazole	No	Cc1n[nH]c(S(=O)(=O)NC2CCN(C)C2=O)n1
DKI	2w4o	1,2,4-triazole	No	Nc1nc(Nc2ccc(S(N)(=O)=O)cc2)nn1C(=S)Nc1c(F)cccc1F
RF2	3g1l	1,2,4-triazole	Yes	Cc1nnc(C)[nH]1
DT4	2c6l	1,2,4-triazole	No	NC1CCC(Nc2cc(Nc3ccc(S(N)(=O)=O)cc3)n3ncnc3n2)CC1
AZA	2icq	1,2,3-triazole	No	O=c1[nH]c(=O)c2[nH]nnc2[nH]1
AZA	1r51	1,2,3-triazole	No	O=c1[nH]c(=O)c2[nH]nnc2[nH]1
AZA	3bk8	1,2,3-triazole	No	O=c1[nH]c(=O)c2[nH]nnc2[nH]1
AZA	1j2g	1,2,3-triazole	No	O=c1[nH]c(=O)c2nn[nH]c2[nH]1
AZA	2iba	1,2,3-triazole	No	O=c1[nH]c(=O)c2[nH]nnc2[nH]1
710	2hog	1,2,3-triazole	No	Cc1nn[nH]c1C
AZA	2zkb	1,2,3-triazole	No	O=c1[nH]c(=O)c2[nH]nnc2[nH]1
AZA	3cku	1,2,3-triazole	No	O=c1[nH]c(=O)c2[nH]nnc2[nH]1
AZA	3f2m	1,2,3-triazole	No	O=c1[nH]c(=O)c2[nH]nnc2[nH]1
AZA	2yzd	1,2,3-triazole	No	O=c1[nH]c(=O)c2nn[nH]c2[nH]1
AZA	2zka	1,2,3-triazole	No	O=c1[nH]c(=O)c2[nH]nnc2[nH]1
AZA	3cks	1,2,3-triazole	No	O=c1[nH]c(=O)c2[nH]nnc2[nH]1
AZG	1v41	1,2,3-triazole	No	Nc1nc(=O)c2nn[nH]c2[nH]1
AZA	2fub	1,2,3-triazole	No	O=c1[nH]c(=O)c2[nH]nnc2[nH]1
AZA	2pes	1,2,3-triazole	No	O=c1[nH]c(=O)c2[nH]nnc2[nH]1
AZA	1vay	1,2,3-triazole	No	O=c1[nH]c(=O)c2nn[nH]c2[nH]1
AZA	2ic0	1,2,3-triazole	No	O=c1[nH]c(=O)c2[nH]nnc2[nH]1
